-- MySQL dump 10.13  Distrib 5.1.66, for debian-linux-gnu (i486)
--
-- Host: db496744812.db.1and1.com    Database: db496744812
-- ------------------------------------------------------
-- Server version	5.1.71-log

/*!40101 SET @OLD_CHARACTER_SET_CLIENT=@@CHARACTER_SET_CLIENT */;
/*!40101 SET @OLD_CHARACTER_SET_RESULTS=@@CHARACTER_SET_RESULTS */;
/*!40101 SET @OLD_COLLATION_CONNECTION=@@COLLATION_CONNECTION */;
/*!40101 SET NAMES utf8 */;
/*!40103 SET @OLD_TIME_ZONE=@@TIME_ZONE */;
/*!40103 SET TIME_ZONE='+00:00' */;
/*!40014 SET @OLD_UNIQUE_CHECKS=@@UNIQUE_CHECKS, UNIQUE_CHECKS=0 */;
/*!40014 SET @OLD_FOREIGN_KEY_CHECKS=@@FOREIGN_KEY_CHECKS, FOREIGN_KEY_CHECKS=0 */;
/*!40101 SET @OLD_SQL_MODE=@@SQL_MODE, SQL_MODE='NO_AUTO_VALUE_ON_ZERO' */;
/*!40111 SET @OLD_SQL_NOTES=@@SQL_NOTES, SQL_NOTES=0 */;

--
-- Table structure for table `Comments`
--

DROP TABLE IF EXISTS `Comments`;
/*!40101 SET @saved_cs_client     = @@character_set_client */;
/*!40101 SET character_set_client = utf8 */;
CREATE TABLE `Comments` (
  `idComments` int(11) NOT NULL AUTO_INCREMENT,
  `Comment` text NOT NULL,
  `const` varchar(9) NOT NULL,
  `user_id` int(11) NOT NULL,
  PRIMARY KEY (`idComments`),
  UNIQUE KEY `idComments_UNIQUE` (`idComments`),
  KEY `comment_user_idx` (`user_id`),
  KEY `comment_film_idx` (`const`),
  CONSTRAINT `comment_film` FOREIGN KEY (`const`) REFERENCES `Films` (`const`) ON DELETE CASCADE ON UPDATE CASCADE,
  CONSTRAINT `comment_user` FOREIGN KEY (`user_id`) REFERENCES `Users` (`user_id`) ON DELETE CASCADE ON UPDATE CASCADE
) ENGINE=InnoDB DEFAULT CHARSET=utf8;
/*!40101 SET character_set_client = @saved_cs_client */;

--
-- Dumping data for table `Comments`
--

LOCK TABLES `Comments` WRITE;
/*!40000 ALTER TABLE `Comments` DISABLE KEYS */;
/*!40000 ALTER TABLE `Comments` ENABLE KEYS */;
UNLOCK TABLES;

--
-- Table structure for table `Films`
--

DROP TABLE IF EXISTS `Films`;
/*!40101 SET @saved_cs_client     = @@character_set_client */;
/*!40101 SET character_set_client = utf8 */;
CREATE TABLE `Films` (
  `const` varchar(9) NOT NULL,
  `Title` varchar(45) NOT NULL,
  `Type` varchar(45) NOT NULL,
  `Directors` varchar(45) DEFAULT NULL,
  `IMDb_Rating` float NOT NULL,
  `Runtime` int(11) DEFAULT NULL,
  `Genre` varchar(45) DEFAULT NULL,
  `Year` int(11) NOT NULL,
  `Total_votes` int(11) NOT NULL,
  `url` varchar(45) DEFAULT NULL,
  `Release_date` date NOT NULL,
  PRIMARY KEY (`const`),
  UNIQUE KEY `const_UNIQUE` (`const`)
) ENGINE=InnoDB DEFAULT CHARSET=utf8;
/*!40101 SET character_set_client = @saved_cs_client */;

--
-- Dumping data for table `Films`
--

LOCK TABLES `Films` WRITE;
/*!40000 ALTER TABLE `Films` DISABLE KEYS */;
INSERT INTO `Films` VALUES ('tt0012349','The Kid','Feature Film','Charlie Chaplin',8.3,68,'comedy, drama, family',1921,35406,'http://www.imdb.com/title/tt0012349/','1921-01-21'),('tt0015864','The Gold Rush','Feature Film','Charles Chaplin',8.2,95,'adventure, comedy, family, romance, western',1925,41473,'http://www.imdb.com/title/tt0015864/','1925-06-26'),('tt0021749','City Lights','Feature Film','Charles Chaplin',8.6,87,'comedy, drama, romance',1931,63001,'http://www.imdb.com/title/tt0021749/','1931-01-30'),('tt0031381','Gone with the Wind','Feature Film','Victor Fleming',8.2,238,'drama, romance, war',1939,148447,'http://www.imdb.com/title/tt0031381/','1939-12-15'),('tt0032553','The Great Dictator','Feature Film','Charles Chaplin',8.5,125,'comedy, drama, war',1940,78353,'http://www.imdb.com/title/tt0032553/','1940-10-15'),('tt0033467','Citizen Kane','Feature Film','Orson Welles',8.5,119,'drama, mystery',1941,216506,'http://www.imdb.com/title/tt0033467/','1941-05-01'),('tt0034583','Casablanca','Feature Film','Michael Curtiz',8.7,102,'drama, romance, war',1942,278824,'http://www.imdb.com/title/tt0034583/','1942-11-26'),('tt0035423','Kate & Leopold','Feature Film','James Mangold',6.2,118,'comedy, fantasy, romance',2001,48692,'http://www.imdb.com/title/tt0035423/','2001-12-25'),('tt0038650','Its a Wonderful Life','Feature Film','Frank Capra',8.7,130,'drama, family, fantasy',1946,180269,'http://www.imdb.com/title/tt0038650/','1946-12-20'),('tt0039631','Monsieur Verdoux','Feature Film','Charles Chaplin',7.8,124,'comedy, crime, drama',1947,8529,'http://www.imdb.com/title/tt0039631/','1947-04-11'),('tt0040522','Bicycle Thieves','Feature Film','Vittorio De Sica',8.4,93,'crime, drama',1948,57505,'http://www.imdb.com/title/tt0040522/','1948-11-24'),('tt0050083','12 Angry Men','Feature Film','Sidney Lumet',8.9,96,'drama',1957,263969,'http://www.imdb.com/title/tt0050083/','1957-04-10'),('tt0052357','Vertigo','Feature Film','Alfred Hitchcock',8.5,128,'mystery, romance, thriller',1958,162909,'http://www.imdb.com/title/tt0052357/','1958-05-09'),('tt0054215','Psycho','Feature Film','Alfred Hitchcock',8.6,109,'horror, mystery, thriller',1960,272189,'http://www.imdb.com/title/tt0054215/','1960-06-16'),('tt0054698','Breakfast at Tiffanys','Feature Film','Blake Edwards',7.7,115,'comedy, drama, romance',1961,83573,'http://www.imdb.com/title/tt0054698/','1961-10-05'),('tt0057012','Dr. Strangelove or: How I Learned to Stop Wor','Feature Film','Stanley Kubrick',8.5,95,'comedy, sci_fi, war',1964,249066,'http://www.imdb.com/title/tt0057012/','1964-01-29'),('tt0058450','The Umbrellas of Cherbourg','Feature Film','Jacques Demy',7.7,91,'drama, musical, romance',1964,11230,'http://www.imdb.com/title/tt0058450/','1964-02-19'),('tt0060196','The Good, the Bad and the Ugly','Feature Film','Sergio Leone',9,161,'adventure, western',1966,322812,'http://www.imdb.com/title/tt0060196/','1966-12-23'),('tt0061722','The Graduate','Feature Film','Mike Nichols',8.1,106,'comedy, drama, romance',1967,149430,'http://www.imdb.com/title/tt0061722/','1967-12-21'),('tt0062622','2001: A Space Odyssey','Feature Film','Stanley Kubrick',8.3,160,'adventure, mystery, sci_fi',1968,274938,'http://www.imdb.com/title/tt0062622/','1968-04-02'),('tt0063291','Memories of Underdevelopment','Feature Film','Tomás Gutiérrez Alea',7.6,97,'drama',1968,1582,'http://www.imdb.com/title/tt0063291/','1968-08-19'),('tt0066921','A Clockwork Orange','Feature Film','Stanley Kubrick',8.4,136,'crime, drama, sci_fi',1971,356881,'http://www.imdb.com/title/tt0066921/','1971-12-19'),('tt0068646','The Godfather','Feature Film','Francis Ford Coppola',9.2,175,'crime, drama',1972,751077,'http://www.imdb.com/title/tt0068646/','1972-03-15'),('tt0070735','The Sting','Feature Film','George Roy Hill',8.3,129,'comedy, crime, drama',1973,117759,'http://www.imdb.com/title/tt0070735/','1973-12-25'),('tt0070849','Last Tango in Paris','Feature Film','Bernardo Bertolucci',7,136,'drama, romance',1972,26857,'http://www.imdb.com/title/tt0070849/','1972-10-14'),('tt0071315','Chinatown','Feature Film','Roman Polanski',8.3,130,'crime, drama, mystery, thriller',1974,147843,'http://www.imdb.com/title/tt0071315/','1974-06-20'),('tt0071562','The Godfather: Part II','Feature Film','Francis Ford Coppola',9,200,'crime, drama',1974,488667,'http://www.imdb.com/title/tt0071562/','1974-12-12'),('tt0073486','One Flew Over the Cuckoos Nest','Feature Film','Milos Forman',8.8,133,'drama',1975,446795,'http://www.imdb.com/title/tt0073486/','1975-11-19'),('tt0074119','All the Presidents Men','Feature Film','Alan J. Pakula',8,138,'drama, history, mystery, thriller',1976,54354,'http://www.imdb.com/title/tt0074119/','1976-04-04'),('tt0075314','Taxi Driver','Feature Film','Martin Scorsese',8.4,113,'crime, drama',1976,321308,'http://www.imdb.com/title/tt0075314/','1976-02-08'),('tt0075686','Annie Hall','Feature Film','Woody Allen',8.2,93,'comedy, romance',1977,127120,'http://www.imdb.com/title/tt0075686/','1977-04-20'),('tt0076759','Star Wars','Feature Film','George Lucas',8.7,121,'action, adventure, fantasy, sci_fi',1977,584921,'http://www.imdb.com/title/tt0076759/','1977-05-25'),('tt0078748','Alien','Feature Film','Ridley Scott',8.5,117,'horror, sci_fi',1979,359830,'http://www.imdb.com/title/tt0078748/','1979-05-25'),('tt0078788','Apocalypse Now','Feature Film','Francis Coppola',8.6,153,'drama, war',1979,309560,'http://www.imdb.com/title/tt0078788/','1979-05-10'),('tt0079417','Kramer vs. Kramer','Feature Film','Robert Benton',7.7,105,'drama',1979,67976,'http://www.imdb.com/title/tt0079417/','1979-12-19'),('tt0079522','Manhattan','Feature Film','Woody Allen',8,96,'comedy, drama, romance',1979,77821,'http://www.imdb.com/title/tt0079522/','1979-04-25'),('tt0080684','Star Wars: Episode V - The Empire Strikes Bac','Feature Film','Irvin Kershner',8.8,124,'action, adventure, sci_fi',1980,519725,'http://www.imdb.com/title/tt0080684/','1980-05-17'),('tt0081505','The Shining','Feature Film','Stanley Kubrick',8.5,146,'horror, mystery',1980,380036,'http://www.imdb.com/title/tt0081505/','1980-05-23'),('tt0082094','The Boogens','Feature Film','James L. Conway',5.2,95,'horror',1981,1002,'http://www.imdb.com/title/tt0082094/','1981-09-25'),('tt0082096','Das Boot','Feature Film','Wolfgang Petersen',8.4,149,'action, adventure, drama, history, war',1981,118606,'http://www.imdb.com/title/tt0082096/','1981-09-17'),('tt0082971','Raiders of the Lost Ark','Feature Film','Steven Spielberg',8.6,115,'action, adventure',1981,439379,'http://www.imdb.com/title/tt0082971/','1981-06-12'),('tt0083658','Blade Runner','Feature Film','Ridley Scott',8.3,117,'drama, sci_fi, thriller',1982,326540,'http://www.imdb.com/title/tt0083658/','1982-06-25'),('tt0083987','Gandhi','Feature Film','Richard Attenborough',8.1,191,'biography, drama, history',1982,110530,'http://www.imdb.com/title/tt0083987/','1982-11-30'),('tt0084707','Sophies Choice','Feature Film','Alan J. Pakula',7.6,150,'drama, romance',1982,20879,'http://www.imdb.com/title/tt0084707/','1982-12-08'),('tt0084787','The Thing','Feature Film','John Carpenter',8.2,109,'horror, mystery, sci_fi, thriller',1982,174961,'http://www.imdb.com/title/tt0084787/','1982-06-25'),('tt0084805','Tootsie','Feature Film','Sydney Pollack',7.4,116,'comedy, drama, romance',1982,60326,'http://www.imdb.com/title/tt0084805/','1982-12-01'),('tt0086190','Star Wars: Episode VI - Return of the Jedi','Feature Film','Richard Marquand',8.4,134,'action, adventure, fantasy, sci_fi',1983,409953,'http://www.imdb.com/title/tt0086190/','1983-05-25'),('tt0086250','Scarface','Feature Film','Brian De Palma',8.2,170,'crime, drama',1983,344164,'http://www.imdb.com/title/tt0086250/','1983-12-01'),('tt0087469','Indiana Jones and the Temple of Doom','Feature Film','Steven Spielberg',7.6,118,'action, adventure',1984,212765,'http://www.imdb.com/title/tt0087469/','1984-05-23'),('tt0087843','Once Upon a Time in America','Feature Film','Sergio Leone',8.4,229,'crime, drama',1984,146220,'http://www.imdb.com/title/tt0087843/','1984-02-17'),('tt0088247','The Terminator','Feature Film','James Cameron',8.1,107,'action, sci_fi',1984,378120,'http://www.imdb.com/title/tt0088247/','1984-10-26'),('tt0088763','Back to the Future','Feature Film','Robert Zemeckis',8.5,116,'adventure, comedy, sci_fi',1985,433178,'http://www.imdb.com/title/tt0088763/','1985-07-03'),('tt0090605','Aliens','Feature Film','James Cameron',8.5,137,'action, adventure, sci_fi, thriller',1986,325251,'http://www.imdb.com/title/tt0090605/','1986-07-18'),('tt0091167','Hannah and Her Sisters','Feature Film','Woody Allen',7.9,103,'comedy, drama',1986,38773,'http://www.imdb.com/title/tt0091167/','1986-02-07'),('tt0091763','Platoon','Feature Film','Oliver Stone',8.1,120,'action, drama, war',1986,201952,'http://www.imdb.com/title/tt0091763/','1986-12-19'),('tt0092965','Empire of the Sun','Feature Film','Steven Spielberg',7.7,152,'drama, history, war',1987,65527,'http://www.imdb.com/title/tt0092965/','1987-12-11'),('tt0093058','Full Metal Jacket','Feature Film','Stanley Kubrick',8.4,116,'drama, war',1987,305594,'http://www.imdb.com/title/tt0093058/','1987-06-17'),('tt0093409','Lethal Weapon','Feature Film','Richard Donner',7.6,110,'action, crime, thriller',1987,142522,'http://www.imdb.com/title/tt0093409/','1987-03-06'),('tt0093773','Predator','Feature Film','John McTiernan',7.8,107,'action, adventure, sci_fi',1987,206132,'http://www.imdb.com/title/tt0093773/','1987-06-12'),('tt0093870','RoboCop','Feature Film','Paul Verhoeven',7.5,102,'action, crime, sci_fi',1987,118913,'http://www.imdb.com/title/tt0093870/','1987-07-17'),('tt0094226','The Untouchables','Feature Film','Brian De Palma',8,119,'crime, drama, history, thriller',1987,168286,'http://www.imdb.com/title/tt0094226/','1987-06-02'),('tt0094291','Wall Street','Feature Film','Oliver Stone',7.3,126,'crime, drama',1987,91873,'http://www.imdb.com/title/tt0094291/','1987-12-11'),('tt0095016','Die Hard','Feature Film','John McTiernan',8.3,131,'action, thriller',1988,395039,'http://www.imdb.com/title/tt0095016/','1988-07-15'),('tt0095765','Cinema Paradiso','Feature Film','Giuseppe Tornatore',8.4,155,'drama',1988,92965,'http://www.imdb.com/title/tt0095765/','1988-09-29'),('tt0095953','Rain Man','Feature Film','Barry Levinson',8,133,'drama',1988,276509,'http://www.imdb.com/title/tt0095953/','1988-12-12'),('tt0096697','The Simpsons','TV Series','',8.9,22,'animation, comedy, family',1989,153905,'http://www.imdb.com/title/tt0096697/','1989-12-17'),('tt0096754','The Abyss','Feature Film','James Cameron',7.6,139,'adventure, drama, sci_fi, thriller',1989,100744,'http://www.imdb.com/title/tt0096754/','1989-08-09'),('tt0096969','Born on the Fourth of July','Feature Film','Oliver Stone',7.1,145,'biography, drama, war',1989,57047,'http://www.imdb.com/title/tt0096969/','1989-12-20'),('tt0097576','Indiana Jones and the Last Crusade','Feature Film','Steven Spielberg',8.3,127,'action, adventure',1989,335927,'http://www.imdb.com/title/tt0097576/','1989-05-24'),('tt0097733','Lethal Weapon 2','Feature Film','Richard Donner',7.1,114,'action, thriller',1989,91856,'http://www.imdb.com/title/tt0097733/','1989-07-07'),('tt0097742','Licence to Kill','Feature Film','John Glen',6.5,133,'action, adventure, crime, thriller',1989,54044,'http://www.imdb.com/title/tt0097742/','1989-06-13'),('tt0099348','Dances with Wolves','Feature Film','Kevin Costner',8,181,'adventure, drama, history, romance, western',1990,133261,'http://www.imdb.com/title/tt0099348/','1990-10-19'),('tt0099423','Die Hard 2','Feature Film','Renny Harlin',7.1,124,'action, thriller',1990,191220,'http://www.imdb.com/title/tt0099423/','1990-07-02'),('tt0099487','Edward Scissorhands','Feature Film','Tim Burton',8,105,'drama, fantasy, romance',1990,254658,'http://www.imdb.com/title/tt0099487/','1990-12-06'),('tt0099653','Ghost','Feature Film','Jerry Zucker',6.9,127,'drama, fantasy, mystery, romance, thriller',1990,114518,'http://www.imdb.com/title/tt0099653/','1990-07-13'),('tt0099674','The Godfather: Part III','Feature Film','Francis Ford Coppola',7.6,162,'crime, drama, mystery, thriller',1990,179326,'http://www.imdb.com/title/tt0099674/','1990-12-20'),('tt0099685','Goodfellas','Feature Film','Martin Scorsese',8.8,146,'biography, crime, drama, thriller',1990,465207,'http://www.imdb.com/title/tt0099685/','1990-09-12'),('tt0099810','The Hunt for Red October','Feature Film','John McTiernan',7.6,134,'action, adventure, thriller',1990,108946,'http://www.imdb.com/title/tt0099810/','1990-03-02'),('tt0100405','Pretty Woman','Feature Film','Garry Marshall',6.8,119,'comedy, romance',1990,143742,'http://www.imdb.com/title/tt0100405/','1990-03-23'),('tt0101026','Tie Me Up! Tie Me Down!','Feature Film','Pedro Almodóvar',6.9,111,'comedy, crime, drama, romance',1990,13029,'http://www.imdb.com/title/tt0101026/','1990-01-22'),('tt0102057','Hook','Feature Film','Steven Spielberg',6.4,144,'adventure, comedy, family, fantasy',1991,129036,'http://www.imdb.com/title/tt0102057/','1991-12-08'),('tt0102685','Point Break','Feature Film','Kathryn Bigelow',7,120,'action, crime, thriller',1991,74197,'http://www.imdb.com/title/tt0102685/','1991-07-12'),('tt0102798','Robin Hood: Prince of Thieves','Feature Film','Kevin Reynolds',6.8,143,'action, adventure, drama, romance',1991,110089,'http://www.imdb.com/title/tt0102798/','1991-06-14'),('tt0102926','The Silence of the Lambs','Feature Film','Jonathan Demme',8.7,118,'crime, drama, thriller',1991,527243,'http://www.imdb.com/title/tt0102926/','1991-01-30'),('tt0103064','Terminator 2: Judgment Day','Feature Film','James Cameron',8.5,137,'action, sci_fi, thriller',1991,479338,'http://www.imdb.com/title/tt0103064/','1991-07-01'),('tt0103644','Alien³','Feature Film','David Fincher',6.4,114,'action, sci_fi, thriller',1992,146337,'http://www.imdb.com/title/tt0103644/','1992-05-22'),('tt0103776','Batman Returns','Feature Film','Tim Burton',6.9,126,'action, fantasy',1992,154280,'http://www.imdb.com/title/tt0103776/','1992-06-16'),('tt0104257','A Few Good Men','Feature Film','Rob Reiner',7.6,138,'crime, drama, mystery, thriller',1992,135696,'http://www.imdb.com/title/tt0104257/','1992-12-09'),('tt0104691','The Last of the Mohicans','Feature Film','Michael Mann',7.7,112,'action, adventure, drama, history, romance, w',1992,83329,'http://www.imdb.com/title/tt0104691/','1992-08-26'),('tt0104714','Lethal Weapon 3','Feature Film','Richard Donner',6.6,118,'action, crime, thriller',1992,96560,'http://www.imdb.com/title/tt0104714/','1992-05-11'),('tt0104797','Malcolm X','Feature Film','Spike Lee',7.6,202,'biography, drama, history',1992,47159,'http://www.imdb.com/title/tt0104797/','1992-11-18'),('tt0105236','Reservoir Dogs','Feature Film','Quentin Tarantino',8.4,99,'crime, thriller',1992,416626,'http://www.imdb.com/title/tt0105236/','1992-01-21'),('tt0105323','Scent of a Woman','Feature Film','Martin Brest',7.8,157,'drama',1992,137496,'http://www.imdb.com/title/tt0105323/','1992-12-23'),('tt0105695','Unforgiven','Feature Film','Clint Eastwood',8.3,131,'western',1992,190446,'http://www.imdb.com/title/tt0105695/','1992-08-03'),('tt0105698','Universal Soldier','Feature Film','Roland Emmerich',5.8,102,'action, drama, sci_fi',1992,52673,'http://www.imdb.com/title/tt0105698/','1992-07-10'),('tt0106489','A Bronx Tale','Feature Film','Robert De Niro',7.7,121,'crime, drama',1993,71250,'http://www.imdb.com/title/tt0106489/','1993-09-14'),('tt0106966','Strawberry and Chocolate','Feature Film','Tomás Gutiérrez Alea, Juan Carlos Tabío',7.2,108,'comedy, drama',1993,3391,'http://www.imdb.com/title/tt0106966/','0000-00-00'),('tt0106977','The Fugitive','Feature Film','Andrew Davis',7.8,130,'action, adventure, crime, mystery, thriller',1993,167666,'http://www.imdb.com/title/tt0106977/','1993-08-06'),('tt0107151','The House of the Spirits','Feature Film','Bille August',6.5,140,'drama, romance',1993,13103,'http://www.imdb.com/title/tt0107151/','1993-10-21'),('tt0107207','In the Name of the Father','Feature Film','Jim Sheridan',8.1,133,'biography, drama, thriller',1993,65236,'http://www.imdb.com/title/tt0107207/','1993-12-12'),('tt0107290','Jurassic Park','Feature Film','Steven Spielberg',8,127,'adventure, sci_fi',1993,344044,'http://www.imdb.com/title/tt0107290/','1993-06-09'),('tt0107616','Much Ado About Nothing','Feature Film','Kenneth Branagh',7.3,111,'comedy, drama, romance',1993,30898,'http://www.imdb.com/title/tt0107616/','1993-05-07'),('tt0107818','Philadelphia','Feature Film','Jonathan Demme',7.6,125,'drama',1993,132272,'http://www.imdb.com/title/tt0107818/','1993-12-23'),('tt0108002','Rudy','Feature Film','David Anspaugh',7.4,114,'biography, drama, sport',1993,31329,'http://www.imdb.com/title/tt0108002/','1993-09-18'),('tt0108052','Schindlers List','Feature Film','Steven Spielberg',8.9,195,'biography, drama, history, war',1993,545468,'http://www.imdb.com/title/tt0108052/','1993-11-30'),('tt0108399','True Romance','Feature Film','Tony Scott',7.9,120,'crime, thriller',1993,124314,'http://www.imdb.com/title/tt0108399/','1993-09-10'),('tt0108778','Friends','TV Series','',8.8,22,'comedy, romance',1994,252211,'http://www.imdb.com/title/tt0108778/','1994-09-22'),('tt0109440','Fear City: A Family-Style Comedy','Feature Film','Alain Berbérian',7.5,93,'comedy',1994,4062,'http://www.imdb.com/title/tt0109440/','1994-03-09'),('tt0109686','Dumb & Dumber','Feature Film','Peter Farrelly',7.2,107,'comedy',1994,201802,'http://www.imdb.com/title/tt0109686/','1994-12-06'),('tt0109830','Forrest Gump','Feature Film','Robert Zemeckis',8.7,142,'drama, romance',1994,711021,'http://www.imdb.com/title/tt0109830/','1994-06-23'),('tt0110322','Legends of the Fall','Feature Film','Edward Zwick',7.3,133,'drama, romance, war, western',1994,80224,'http://www.imdb.com/title/tt0110322/','1994-12-16'),('tt0110357','The Lion King','Feature Film','Roger Allers, Rob Minkoff',8.4,89,'animation, adventure, drama, family, musical',1994,361545,'http://www.imdb.com/title/tt0110357/','1994-06-15'),('tt0110367','Little Women','Feature Film','Gillian Armstrong',7.1,115,'drama, romance',1994,28107,'http://www.imdb.com/title/tt0110367/','1994-12-21'),('tt0110413','Léon: The Professional','Feature Film','Luc Besson',8.6,110,'crime, drama, thriller',1994,454258,'http://www.imdb.com/title/tt0110413/','1994-09-14'),('tt0110475','The Mask','Feature Film','Charles Russell',6.7,101,'comedy, crime, fantasy, romance',1994,172635,'http://www.imdb.com/title/tt0110475/','1994-07-29'),('tt0110478','Maverick','Feature Film','Richard Donner',6.9,127,'action, adventure, comedy, thriller, western',1994,62690,'http://www.imdb.com/title/tt0110478/','1994-05-20'),('tt0110622','Naked Gun 33 1/3: The Final Insult','Feature Film','Peter Segal',6.2,83,'action, comedy, crime',1994,55958,'http://www.imdb.com/title/tt0110622/','1994-03-18'),('tt0110632','Natural Born Killers','Feature Film','Oliver Stone',7.2,118,'crime, drama',1994,130276,'http://www.imdb.com/title/tt0110632/','1994-08-26'),('tt0110912','Pulp Fiction','Feature Film','Quentin Tarantino',9,154,'crime, drama, thriller',1994,830153,'http://www.imdb.com/title/tt0110912/','1994-05-12'),('tt0111161','The Shawshank Redemption','Feature Film','Frank Darabont',9.3,142,'crime, drama',1994,1071414,'http://www.imdb.com/title/tt0111161/','1994-09-10'),('tt0111257','Speed','Feature Film','Jan de Bont',7.2,116,'action, crime, thriller',1994,191605,'http://www.imdb.com/title/tt0111257/','1994-06-10'),('tt0111756','Wyatt Earp','Feature Film','Lawrence Kasdan',6.5,191,'action, adventure, biography, romance, wester',1994,25845,'http://www.imdb.com/title/tt0111756/','1994-06-24'),('tt0112573','Braveheart','Feature Film','Mel Gibson',8.4,177,'action, biography, drama, history, war',1995,479947,'http://www.imdb.com/title/tt0112573/','1995-05-18'),('tt0112579','The Bridges of Madison County','Feature Film','Clint Eastwood',7.3,135,'drama, romance',1995,40949,'http://www.imdb.com/title/tt0112579/','1995-06-02'),('tt0112641','Casino','Feature Film','Martin Scorsese',8.2,178,'biography, crime, drama',1995,216556,'http://www.imdb.com/title/tt0112641/','1995-11-14'),('tt0112681','Citizen X','TV Movie','Chris Gerolmo',7.6,105,'biography, crime, drama, history, thriller',1995,8434,'http://www.imdb.com/title/tt0112681/','1995-02-25'),('tt0112740','Crimson Tide','Feature Film','Tony Scott',7.2,116,'action, drama, thriller',1995,61496,'http://www.imdb.com/title/tt0112740/','1995-05-12'),('tt0112864','Die Hard: With a Vengeance','Feature Film','John McTiernan',7.5,131,'action, crime, thriller',1995,213498,'http://www.imdb.com/title/tt0112864/','1995-05-15'),('tt0113189','GoldenEye','Feature Film','Martin Campbell',7.1,130,'action, crime, thriller',1995,148632,'http://www.imdb.com/title/tt0113189/','1995-11-13'),('tt0113277','Heat','Feature Film','Michael Mann',8.3,170,'action, crime, drama, thriller',1995,296935,'http://www.imdb.com/title/tt0113277/','1995-12-15'),('tt0113362','The Horseman on the Roof','Feature Film','Jean-Paul Rappeneau',6.9,135,'adventure, drama, romance, war',1995,4141,'http://www.imdb.com/title/tt0113362/','1995-09-20'),('tt0113497','Jumanji','Feature Film','Joe Johnston',6.6,104,'adventure, family, fantasy, thriller',1995,125779,'http://www.imdb.com/title/tt0113497/','1995-12-15'),('tt0113568','Ghost in the Shell','Feature Film','Mamoru Oshii',7.8,83,'animation, action, mystery, sci_fi, thriller',1995,53115,'http://www.imdb.com/title/tt0113568/','1995-11-18'),('tt0113627','Leaving Las Vegas','Feature Film','Mike Figgis',7.5,111,'drama, romance',1995,74403,'http://www.imdb.com/title/tt0113627/','1995-09-15'),('tt0114214','The Quick and the Dead','Feature Film','Sam Raimi',6.3,107,'action, thriller, western',1995,53391,'http://www.imdb.com/title/tt0114214/','1995-02-10'),('tt0114287','Rob Roy','Feature Film','Michael Caton-Jones',6.8,139,'action, adventure, biography',1995,28251,'http://www.imdb.com/title/tt0114287/','1995-04-07'),('tt0114319','Sabrina','Feature Film','Sydney Pollack',6,127,'comedy, drama',1995,23991,'http://www.imdb.com/title/tt0114319/','1995-12-15'),('tt0114369','Se7en','Feature Film','David Fincher',8.7,127,'crime, mystery, thriller',1995,625322,'http://www.imdb.com/title/tt0114369/','1995-09-22'),('tt0114576','Sudden Death','Feature Film','Peter Hyams',5.4,111,'action, drama, thriller',1995,20161,'http://www.imdb.com/title/tt0114576/','1995-10-26'),('tt0114709','Toy Story','Feature Film','John Lasseter',8.3,81,'animation, adventure, comedy, family, fantasy',1995,369692,'http://www.imdb.com/title/tt0114709/','1995-11-19'),('tt0114746','Twelve Monkeys','Feature Film','Terry Gilliam',8.1,129,'mystery, sci_fi, thriller',1995,316781,'http://www.imdb.com/title/tt0114746/','1995-12-27'),('tt0114814','The Usual Suspects','Feature Film','Bryan Singer',8.7,106,'crime, mystery, thriller',1995,481424,'http://www.imdb.com/title/tt0114814/','0000-00-00'),('tt0114887','A Walk in the Clouds','Feature Film','Alfonso Arau',6.3,102,'drama, romance',1995,18617,'http://www.imdb.com/title/tt0114887/','1995-05-27'),('tt0114898','Waterworld','Feature Film','Kevin Reynolds',5.9,135,'action, adventure, sci_fi, thriller',1995,107474,'http://www.imdb.com/title/tt0114898/','1995-07-28'),('tt0116209','The English Patient','Feature Film','Anthony Minghella',7.3,162,'drama, romance, war',1996,103015,'http://www.imdb.com/title/tt0116209/','0000-00-00'),('tt0116225','Escape from L.A.','Feature Film','John Carpenter',5.5,101,'action, adventure, sci_fi, thriller',1996,39530,'http://www.imdb.com/title/tt0116225/','1996-08-09'),('tt0116282','Fargo','Feature Film','Joel Coen',8.2,98,'crime, drama, thriller',1996,285625,'http://www.imdb.com/title/tt0116282/','1996-03-08'),('tt0116409','The Ghost and the Darkness','Feature Film','Stephen Hopkins',6.7,109,'action, adventure, drama, horror, thriller',1996,35513,'http://www.imdb.com/title/tt0116409/','1996-10-11'),('tt0116629','Independence Day','Feature Film','Roland Emmerich',6.8,145,'action, sci_fi',1996,306812,'http://www.imdb.com/title/tt0116629/','1996-06-25'),('tt0116695','Jerry Maguire','Feature Film','Cameron Crowe',7.2,139,'comedy, drama, romance, sport',1996,139643,'http://www.imdb.com/title/tt0116695/','1996-12-06'),('tt0116830','Last Man Standing','Feature Film','Walter Hill',6.2,101,'action, crime, drama, thriller, western',1996,35965,'http://www.imdb.com/title/tt0116830/','1996-09-20'),('tt0117060','Mission: Impossible','Feature Film','Brian De Palma',7,110,'action, adventure, thriller',1996,204117,'http://www.imdb.com/title/tt0117060/','1996-05-22'),('tt0117500','The Rock','Feature Film','Michael Bay',7.3,136,'action, adventure, thriller',1996,204141,'http://www.imdb.com/title/tt0117500/','1996-06-07'),('tt0117509','Romeo + Juliet','Feature Film','Baz Luhrmann',6.8,120,'drama, romance',1996,120580,'http://www.imdb.com/title/tt0117509/','1996-11-01'),('tt0117665','Sleepers','Feature Film','Barry Levinson',7.4,147,'crime, drama, thriller',1996,119344,'http://www.imdb.com/title/tt0117665/','1996-10-18'),('tt0117913','A Time to Kill','Feature Film','Joel Schumacher',7.2,149,'crime, drama, thriller',1996,70478,'http://www.imdb.com/title/tt0117913/','1996-07-24'),('tt0117951','Trainspotting','Feature Film','Danny Boyle',8.2,94,'crime, drama',1996,312345,'http://www.imdb.com/title/tt0117951/','1996-02-23'),('tt0118607','Amistad','Feature Film','Steven Spielberg',7.1,155,'drama, history, mystery',1997,43199,'http://www.imdb.com/title/tt0118607/','1997-12-04'),('tt0118715','The Big Lebowski','Feature Film','Joel Coen',8.2,117,'comedy, crime',1998,348384,'http://www.imdb.com/title/tt0118715/','1998-02-15'),('tt0118799','Life Is Beautiful','Feature Film','Roberto Benigni',8.5,116,'comedy, drama, romance, war',1997,237492,'http://www.imdb.com/title/tt0118799/','1997-12-20'),('tt0118880','Con Air','Feature Film','Simon West',6.7,115,'action, crime, thriller',1997,168461,'http://www.imdb.com/title/tt0118880/','1997-06-02'),('tt0118884','Contact','Feature Film','Robert Zemeckis',7.3,150,'drama, mystery, sci_fi, thriller',1997,143582,'http://www.imdb.com/title/tt0118884/','1997-07-11'),('tt0118971','The Devils Advocate','Feature Film','Taylor Hackford',7.4,144,'drama, mystery, thriller',1997,185020,'http://www.imdb.com/title/tt0118971/','1997-10-17'),('tt0119094','Face/Off','Feature Film','John Woo',7.3,138,'action, crime, sci_fi, thriller',1997,210711,'http://www.imdb.com/title/tt0119094/','1997-06-27'),('tt0119116','The Fifth Element','Feature Film','Luc Besson',7.6,126,'action, adventure, sci_fi',1997,247028,'http://www.imdb.com/title/tt0119116/','1997-05-07'),('tt0119174','The Game','Feature Film','David Fincher',7.7,129,'drama, mystery, thriller',1997,180211,'http://www.imdb.com/title/tt0119174/','1997-09-12'),('tt0119177','Gattaca','Feature Film','Andrew Niccol',7.8,106,'drama, romance, sci_fi, thriller',1997,152972,'http://www.imdb.com/title/tt0119177/','1997-09-07'),('tt0119217','Good Will Hunting','Feature Film','Gus Van Sant',8.2,126,'drama',1997,366194,'http://www.imdb.com/title/tt0119217/','1997-12-02'),('tt0119468','Kiss the Girls','Feature Film','Gary Fleder',6.4,115,'crime, drama, mystery, thriller',1997,38058,'http://www.imdb.com/title/tt0119468/','1997-09-10'),('tt0119488','L.A. Confidential','Feature Film','Curtis Hanson',8.3,138,'crime, drama, mystery, thriller',1997,296840,'http://www.imdb.com/title/tt0119488/','1997-05-14'),('tt0119643','Meet Joe Black','Feature Film','Martin Brest',7,178,'drama, fantasy, mystery, romance',1998,123623,'http://www.imdb.com/title/tt0119643/','1998-11-02'),('tt0119654','Men in Black','Feature Film','Barry Sonnenfeld',7.2,98,'comedy, sci_fi',1997,276765,'http://www.imdb.com/title/tt0119654/','1997-07-02'),('tt0119683','Les Misérables','Feature Film','Bille August',7.3,134,'crime, drama, history, romance',1998,25821,'http://www.imdb.com/title/tt0119683/','1998-05-01'),('tt0119738','My Best Friends Wedding','Feature Film','P.J. Hogan',6.2,105,'comedy, romance',1997,73649,'http://www.imdb.com/title/tt0119738/','1997-06-20'),('tt0119822','As Good as It Gets','Feature Film','James L. Brooks',7.7,139,'comedy, drama, romance',1997,177829,'http://www.imdb.com/title/tt0119822/','1997-12-19'),('tt0120102','Seven Years in Tibet','Feature Film','Jean-Jacques Annaud',6.8,136,'adventure, biography, drama, history, war',1997,69758,'http://www.imdb.com/title/tt0120102/','1997-09-13'),('tt0120179','Speed 2: Cruise Control','Feature Film','Jan de Bont',3.5,121,'action, crime, romance, thriller',1997,48018,'http://www.imdb.com/title/tt0120179/','1997-06-13'),('tt0120338','Titanic','Feature Film','James Cameron',7.6,194,'drama, romance',1997,517166,'http://www.imdb.com/title/tt0120338/','1997-11-01'),('tt0120347','Tomorrow Never Dies','Feature Film','Roger Spottiswoode',6.4,119,'action, adventure, crime, thriller',1997,109453,'http://www.imdb.com/title/tt0120347/','1997-12-12'),('tt0120363','Toy Story 2','Feature Film','John Lasseter, Ash Brannon',7.9,92,'animation, adventure, comedy, family, fantasy',1999,255746,'http://www.imdb.com/title/tt0120363/','1999-11-13'),('tt0120382','The Truman Show','Feature Film','Peter Weir',8,103,'drama, sci_fi',1998,407631,'http://www.imdb.com/title/tt0120382/','1998-06-01'),('tt0120586','American History X','Feature Film','Tony Kaye',8.6,119,'crime, drama',1998,495672,'http://www.imdb.com/title/tt0120586/','1998-10-30'),('tt0120591','Armageddon','Feature Film','Michael Bay',6.4,151,'action, adventure, sci_fi, thriller',1998,238395,'http://www.imdb.com/title/tt0120591/','1998-06-30'),('tt0120616','The Mummy','Feature Film','Stephen Sommers',6.9,125,'action, adventure, fantasy',1999,229393,'http://www.imdb.com/title/tt0120616/','1999-04-16'),('tt0120647','Deep Impact','Feature Film','Mimi Leder',6,120,'action, drama, sci_fi, thriller',1998,106582,'http://www.imdb.com/title/tt0120647/','1998-05-07'),('tt0120660','Enemy of the State','Feature Film','Tony Scott',7.2,132,'action, crime, mystery, thriller',1998,143754,'http://www.imdb.com/title/tt0120660/','1998-11-16'),('tt0120663','Eyes Wide Shut','Feature Film','Stanley Kubrick',7.2,159,'drama, mystery, thriller',1999,168655,'http://www.imdb.com/title/tt0120663/','1999-07-13'),('tt0120667','Fantastic Four','Feature Film','Tim Story',5.7,106,'action, adventure, fantasy, sci_fi',2005,185052,'http://www.imdb.com/title/tt0120667/','2005-06-29'),('tt0120679','Frida','Feature Film','Julie Taymor',7.2,123,'biography, drama, romance',2002,46258,'http://www.imdb.com/title/tt0120679/','2002-08-29'),('tt0120689','The Green Mile','Feature Film','Frank Darabont',8.5,189,'crime, drama, fantasy, mystery',1999,447459,'http://www.imdb.com/title/tt0120689/','1999-12-06'),('tt0120731','The Legend of 1900','Feature Film','Giuseppe Tornatore',7.9,165,'drama, music, romance',1998,28117,'http://www.imdb.com/title/tt0120731/','1998-10-28'),('tt0120735','Lock, Stock and Two Smoking Barrels','Feature Film','Guy Ritchie',8.2,107,'crime, thriller',1998,277494,'http://www.imdb.com/title/tt0120735/','1998-08-28'),('tt0120737','The Lord of the Rings: The Fellowship of the ','Feature Film','Peter Jackson',8.8,178,'action, adventure, fantasy',2001,784655,'http://www.imdb.com/title/tt0120737/','2001-12-10'),('tt0120744','The Man in the Iron Mask','Feature Film','Randall Wallace',6.3,132,'action, adventure',1998,88717,'http://www.imdb.com/title/tt0120744/','1998-03-13'),('tt0120755','Mission: Impossible II','Feature Film','John Woo',5.9,123,'action, adventure, thriller',2000,167885,'http://www.imdb.com/title/tt0120755/','2000-05-24'),('tt0120762','Mulan','Feature Film','Tony Bancroft, Barry Cook',7.3,88,'animation, adventure, family, musical',1998,95719,'http://www.imdb.com/title/tt0120762/','1998-06-05'),('tt0120784','Payback','Feature Film','Brian Helgeland',7,100,'action, crime, drama, thriller',1999,88793,'http://www.imdb.com/title/tt0120784/','1999-02-05'),('tt0120787','A Perfect Murder','Feature Film','Andrew Davis',6.4,107,'crime, drama, thriller',1998,50878,'http://www.imdb.com/title/tt0120787/','1998-06-05'),('tt0120791','Practical Magic','Feature Film','Griffin Dunne',5.8,104,'comedy, fantasy, romance',1998,41873,'http://www.imdb.com/title/tt0120791/','1998-10-16'),('tt0120804','Resident Evil','Feature Film','Paul W.S. Anderson',6.6,100,'action, horror, sci_fi',2002,150881,'http://www.imdb.com/title/tt0120804/','2002-03-12'),('tt0120815','Saving Private Ryan','Feature Film','Steven Spielberg',8.6,169,'action, drama, war',1998,546673,'http://www.imdb.com/title/tt0120815/','1998-07-24'),('tt0120873','U.S. Marshals','Feature Film','Stuart Baird',6.3,131,'action, crime, thriller',1998,60392,'http://www.imdb.com/title/tt0120873/','1998-03-06'),('tt0120903','X-Men','Feature Film','Bryan Singer',7.4,104,'action, adventure, sci_fi',2000,282099,'http://www.imdb.com/title/tt0120903/','2000-07-13'),('tt0120912','Men in Black II','Feature Film','Barry Sonnenfeld',5.9,88,'action, comedy, sci_fi',2002,175964,'http://www.imdb.com/title/tt0120912/','2002-07-03'),('tt0121765','Star Wars: Episode II - Attack of the Clones','Feature Film','George Lucas',6.7,142,'action, adventure, fantasy, sci_fi',2002,301687,'http://www.imdb.com/title/tt0121765/','2002-05-16'),('tt0122151','Lethal Weapon 4','Feature Film','Richard Donner',6.5,127,'action, crime, thriller',1998,99055,'http://www.imdb.com/title/tt0122151/','1998-07-10'),('tt0122690','Ronin','Feature Film','John Frankenheimer',7.2,122,'action, adventure, crime, thriller',1998,116914,'http://www.imdb.com/title/tt0122690/','1998-09-12'),('tt0123755','Cube','Feature Film','Vincenzo Natali',7.4,90,'horror, mystery, sci_fi, thriller',1997,112058,'http://www.imdb.com/title/tt0123755/','1997-09-09'),('tt0125439','Notting Hill','Feature Film','Roger Michell',6.9,124,'comedy, drama, romance',1999,140765,'http://www.imdb.com/title/tt0125439/','1999-05-13'),('tt0126029','Shrek','Feature Film','Andrew Adamson, Vicky Jenson',7.9,90,'animation, adventure, comedy, family, fantasy',2001,321420,'http://www.imdb.com/title/tt0126029/','2001-04-22'),('tt0127536','Elizabeth','Feature Film','Shekhar Kapur',7.5,124,'biography, drama, history',1998,60865,'http://www.imdb.com/title/tt0127536/','1998-09-08'),('tt0128442','Rounders','Feature Film','John Dahl',7.3,121,'crime, drama',1998,93938,'http://www.imdb.com/title/tt0128442/','1998-09-04'),('tt0129167','The Iron Giant','Feature Film','Brad Bird',7.9,86,'animation, action, adventure, comedy, crime, ',1999,87643,'http://www.imdb.com/title/tt0129167/','1999-07-31'),('tt0129387','Theres Something About Mary','Feature Film','Bobby Farrelly, Peter Farrelly',7.1,119,'comedy, romance',1998,190857,'http://www.imdb.com/title/tt0129387/','1998-07-15'),('tt0132477','October Sky','Feature Film','Joe Johnston',7.7,108,'biography, drama, family',1999,49262,'http://www.imdb.com/title/tt0132477/','1999-02-19'),('tt0133093','The Matrix','Feature Film','The Wachowski Brothers, The Wachowski Brother',8.7,136,'action, adventure, sci_fi',1999,770239,'http://www.imdb.com/title/tt0133093/','1999-03-31'),('tt0133952','The Siege','Feature Film','Edward Zwick',6.2,116,'action, crime, drama, thriller',1998,45679,'http://www.imdb.com/title/tt0133952/','1998-11-06'),('tt0134273','8MM','Feature Film','Joel Schumacher',6.4,123,'crime, mystery, thriller',1999,85574,'http://www.imdb.com/title/tt0134273/','1999-02-19'),('tt0137523','Fight Club','Feature Film','David Fincher',8.8,139,'drama',1999,813993,'http://www.imdb.com/title/tt0137523/','1999-09-10'),('tt0138097','Shakespeare in Love','Feature Film','John Madden',7.2,123,'comedy, drama, romance',1998,134628,'http://www.imdb.com/title/tt0138097/','1998-12-03'),('tt0138704','Pi','Feature Film','Darren Aronofsky',7.4,84,'drama, sci_fi, thriller',1998,108046,'http://www.imdb.com/title/tt0138704/','0000-00-00'),('tt0139654','Training Day','Feature Film','Antoine Fuqua',7.6,122,'action, crime, drama, thriller',2001,211259,'http://www.imdb.com/title/tt0139654/','2001-09-02'),('tt0140352','The Insider','Feature Film','Michael Mann',7.9,157,'biography, drama, thriller',1999,107740,'http://www.imdb.com/title/tt0140352/','1999-10-28'),('tt0143145','The World Is Not Enough','Feature Film','Michael Apted',6.3,128,'action, adventure, crime, thriller',1999,119155,'http://www.imdb.com/title/tt0143145/','1999-11-08'),('tt0144528','Nutty Professor II: The Klumps','Feature Film','Peter Segal',4.2,106,'comedy, romance, sci_fi',2000,31293,'http://www.imdb.com/title/tt0144528/','2000-07-24'),('tt0145487','Spider-Man','Feature Film','Sam Raimi',7.3,121,'action, fantasy',2002,358445,'http://www.imdb.com/title/tt0145487/','2002-04-30'),('tt0146309','Thirteen Days','Feature Film','Roger Donaldson',7.2,145,'drama, history, thriller',2000,37134,'http://www.imdb.com/title/tt0146309/','2000-12-16'),('tt0149460','Futurama','TV Series','',8.6,30,'animation, comedy, sci_fi',1999,90626,'http://www.imdb.com/title/tt0149460/','1999-03-28'),('tt0151804','Office Space','Feature Film','Mike Judge',7.8,89,'comedy, crime',1999,152838,'http://www.imdb.com/title/tt0151804/','1999-02-19'),('tt0159273','Behind Enemy Lines','Feature Film','John Moore',6.2,106,'action, war, drama, thriller',2001,66534,'http://www.imdb.com/title/tt0159273/','2001-11-17'),('tt0159365','Cold Mountain','Feature Film','Anthony Minghella',7.2,154,'drama, romance, war',2003,93989,'http://www.imdb.com/title/tt0159365/','2003-12-25'),('tt0162222','Cast Away','Feature Film','Robert Zemeckis',7.6,143,'adventure, drama',2000,259114,'http://www.imdb.com/title/tt0162222/','2000-12-07'),('tt0162661','Sleepy Hollow','Feature Film','Tim Burton',7.4,105,'adventure, mystery',1999,199926,'http://www.imdb.com/title/tt0162661/','1999-11-17'),('tt0164184','The Sum of All Fears','Feature Film','Phil Alden Robinson',6.3,124,'action, drama, thriller',2002,68247,'http://www.imdb.com/title/tt0164184/','2002-05-29'),('tt0164334','Along Came a Spider','Feature Film','Lee Tamahori',6.2,104,'action, crime, mystery, thriller',2001,45452,'http://www.imdb.com/title/tt0164334/','2001-04-02'),('tt0164961','Vidocq','Feature Film','Pitof',6.4,98,'action, crime, fantasy, mystery, sci_fi, thri',2001,15088,'http://www.imdb.com/title/tt0164961/','2001-09-19'),('tt0167190','Hellboy','Feature Film','Guillermo del Toro',6.8,122,'action, adventure, fantasy, sci_fi',2004,177580,'http://www.imdb.com/title/tt0167190/','2004-03-30'),('tt0167260','The Lord of the Rings: The Return of the King','Feature Film','Peter Jackson',8.9,201,'action, adventure, fantasy',2003,758038,'http://www.imdb.com/title/tt0167260/','2003-12-01'),('tt0167261','The Lord of the Rings: The Two Towers','Feature Film','Peter Jackson',8.7,179,'action, adventure, fantasy',2002,680675,'http://www.imdb.com/title/tt0167261/','2002-12-05'),('tt0167404','The Sixth Sense','Feature Film','M. Night Shyamalan',8.2,107,'drama, mystery, thriller',1999,475681,'http://www.imdb.com/title/tt0167404/','1999-08-02'),('tt0169547','American Beauty','Feature Film','Sam Mendes',8.5,122,'drama',1999,555574,'http://www.imdb.com/title/tt0169547/','1999-09-08'),('tt0172495','Gladiator','Feature Film','Ridley Scott',8.5,155,'action, adventure, drama',2000,598036,'http://www.imdb.com/title/tt0172495/','2000-05-01'),('tt0174856','The Hurricane','Feature Film','Norman Jewison',7.4,146,'biography, drama, sport',1999,56637,'http://www.imdb.com/title/tt0174856/','1999-09-17'),('tt0175880','Magnolia','Feature Film','Paul Thomas Anderson',8,188,'drama',1999,195319,'http://www.imdb.com/title/tt0175880/','1999-12-08'),('tt0180093','Requiem for a Dream','Feature Film','Darren Aronofsky',8.4,102,'drama',2000,378622,'http://www.imdb.com/title/tt0180093/','2000-05-14'),('tt0181536','Finding Forrester','Feature Film','Gus Van Sant',7.2,136,'drama',2000,62272,'http://www.imdb.com/title/tt0181536/','2000-12-22'),('tt0181689','Minority Report','Feature Film','Steven Spielberg',7.6,145,'action, mystery, sci_fi, thriller',2002,283763,'http://www.imdb.com/title/tt0181689/','2002-06-17'),('tt0181852','Terminator 3: Rise of the Machines','Feature Film','Jonathan Mostow',6.4,109,'action, sci_fi, thriller',2003,214328,'http://www.imdb.com/title/tt0181852/','2003-06-30'),('tt0181865','Traffic','Feature Film','Steven Soderbergh',7.6,147,'crime, drama, thriller',2000,143006,'http://www.imdb.com/title/tt0181865/','2000-12-27'),('tt0183505','Me, Myself & Irene','Feature Film','Bobby Farrelly, Peter Farrelly',6.4,116,'comedy',2000,139847,'http://www.imdb.com/title/tt0183505/','2000-06-15'),('tt0183649','Phone Booth','Feature Film','Joel Schumacher',7.1,81,'mystery, thriller',2002,149417,'http://www.imdb.com/title/tt0183649/','2002-09-10'),('tt0183790','A Knights Tale','Feature Film','Brian Helgeland',6.7,132,'action, adventure, drama, romance',2001,101245,'http://www.imdb.com/title/tt0183790/','2001-03-08'),('tt0185125','All About My Mother','Feature Film','Pedro Almodóvar',7.8,101,'drama',1999,54231,'http://www.imdb.com/title/tt0185125/','1999-04-08'),('tt0185906','Band of Brothers','Mini-Series','',9.5,705,'action, drama, history, war',2001,136400,'http://www.imdb.com/title/tt0185906/','2001-09-09'),('tt0187078','Gone in Sixty Seconds','Feature Film','Dominic Sena',6.3,118,'action, crime, thriller',2000,163136,'http://www.imdb.com/title/tt0187078/','2000-06-05'),('tt0187393','The Patriot','Feature Film','Roland Emmerich',7,165,'action, drama, war',2000,153550,'http://www.imdb.com/title/tt0187393/','2000-06-27'),('tt0195685','Erin Brockovich','Feature Film','Steven Soderbergh',7.2,131,'biography, drama',2000,101649,'http://www.imdb.com/title/tt0195685/','2000-03-14'),('tt0198781','Monsters, Inc.','Feature Film','Pete Docter, David Silverman',8,92,'animation, adventure, comedy, family, fantasy',2001,328152,'http://www.imdb.com/title/tt0198781/','2001-10-28'),('tt0200465','The Bank Job','Feature Film','Roger Donaldson',7.2,111,'crime, drama, thriller',2008,120604,'http://www.imdb.com/title/tt0200465/','2008-02-19'),('tt0203009','Moulin Rouge!','Feature Film','Baz Luhrmann',7.6,127,'drama, musical, romance',2001,178622,'http://www.imdb.com/title/tt0203009/','2001-05-09'),('tt0203019','Men of Honor','Feature Film','George Tillman Jr.',6.9,129,'biography, drama',2000,67536,'http://www.imdb.com/title/tt0203019/','2000-09-14'),('tt0206634','Children of Men','Feature Film','Alfonso Cuarón',7.9,109,'adventure, drama, sci_fi, thriller',2006,277955,'http://www.imdb.com/title/tt0206634/','2006-09-03'),('tt0207201','What Women Want','Feature Film','Nancy Meyers',6.3,127,'comedy, fantasy, romance',2000,119378,'http://www.imdb.com/title/tt0207201/','2000-12-13'),('tt0208092','Snatch.','Feature Film','Guy Ritchie',8.3,104,'crime, thriller',2000,392068,'http://www.imdb.com/title/tt0208092/','2000-08-23'),('tt0209144','Memento','Feature Film','Christopher Nolan',8.6,113,'mystery, thriller',2000,557173,'http://www.imdb.com/title/tt0209144/','2000-09-05'),('tt0209163','The Mummy Returns','Feature Film','Stephen Sommers',6.2,130,'action, adventure, fantasy',2001,180831,'http://www.imdb.com/title/tt0209163/','2001-04-29'),('tt0211915','Amélie','Feature Film','Jean-Pierre Jeunet',8.4,122,'comedy, romance',2001,351008,'http://www.imdb.com/title/tt0211915/','2001-04-25'),('tt0212346','Miss Congeniality','Feature Film','Donald Petrie',6,109,'action, comedy, crime',2000,94267,'http://www.imdb.com/title/tt0212346/','2000-12-14'),('tt0212720','A.I. Artificial Intelligence','Feature Film','Steven Spielberg',7,146,'adventure, drama, sci_fi',2001,180307,'http://www.imdb.com/title/tt0212720/','2001-06-26'),('tt0212985','Hannibal','Feature Film','Ridley Scott',6.6,131,'crime, drama, thriller',2001,157837,'http://www.imdb.com/title/tt0212985/','2001-02-09'),('tt0213149','Pearl Harbor','Feature Film','Michael Bay',5.8,183,'action, drama, romance, war',2001,182220,'http://www.imdb.com/title/tt0213149/','2001-05-21'),('tt0215750','Enemy at the Gates','Feature Film','Jean-Jacques Annaud',7.5,131,'drama, history, thriller, war',2001,130467,'http://www.imdb.com/title/tt0215750/','2001-02-07'),('tt0216216','The 6th Day','Feature Film','Roger Spottiswoode',5.8,123,'action, sci_fi, thriller',2000,79303,'http://www.imdb.com/title/tt0216216/','2000-10-28'),('tt0216651','Vampire Hunter D: Bloodlust','Feature Film','Yoshiaki Kawajiri',7.6,103,'animation, action, adventure, fantasy, myster',2000,17981,'http://www.imdb.com/title/tt0216651/','0000-00-00'),('tt0217505','Gangs of New York','Feature Film','Martin Scorsese',7.5,167,'crime, drama, history',2002,220306,'http://www.imdb.com/title/tt0217505/','2002-12-09'),('tt0217869','Unbreakable','Feature Film','M. Night Shyamalan',7.2,106,'drama, mystery, sci_fi, thriller',2000,187385,'http://www.imdb.com/title/tt0217869/','2000-11-14'),('tt0218922','Original Sin','Feature Film','Michael Cristofer',5.7,116,'drama, mystery, romance',2001,34419,'http://www.imdb.com/title/tt0218922/','2001-07-11'),('tt0223897','Pay It Forward','Feature Film','Mimi Leder',6.9,123,'drama',2000,74883,'http://www.imdb.com/title/tt0223897/','2000-10-12'),('tt0227445','The Score','Feature Film','Frank Oz',6.8,124,'action, crime, thriller',2001,80950,'http://www.imdb.com/title/tt0227445/','2001-07-09'),('tt0230600','The Others','Feature Film','Alejandro Amenábar',7.6,101,'drama, horror, mystery, thriller',2001,197571,'http://www.imdb.com/title/tt0230600/','2001-08-02'),('tt0230838','Sweet November','Feature Film','Pat OConnor',6.3,119,'drama, romance',2001,51728,'http://www.imdb.com/title/tt0230838/','2001-02-12'),('tt0232500','The Fast and the Furious','Feature Film','Rob Cohen',6.4,106,'action, crime, thriller',2001,173389,'http://www.imdb.com/title/tt0232500/','2001-06-18'),('tt0238112','Captain Corellis Mandolin','Feature Film','John Madden',5.7,131,'drama, music, romance, war',2001,23357,'http://www.imdb.com/title/tt0238112/','2001-04-19'),('tt0238380','Equilibrium','Feature Film','Kurt Wimmer',7.5,107,'action, drama, sci_fi, thriller',2002,195060,'http://www.imdb.com/title/tt0238380/','2002-12-06'),('tt0240772','Oceans Eleven','Feature Film','Steven Soderbergh',7.7,116,'crime, thriller',2001,275955,'http://www.imdb.com/title/tt0240772/','2001-12-05'),('tt0241303','Chocolat','Feature Film','Lasse Hallström',7.2,121,'drama, romance',2000,114031,'http://www.imdb.com/title/tt0241303/','2000-12-15'),('tt0241317','The Colours of Infinity','Documentary','Nigel Lesmoir-Gordon',6.7,52,'documentary',1995,155,'http://www.imdb.com/title/tt0241317/','0000-00-00'),('tt0241527','Harry Potter and the Sorcerers Stone','Feature Film','Chris Columbus',7.3,152,'adventure, family, fantasy',2001,298485,'http://www.imdb.com/title/tt0241527/','2001-11-04'),('tt0242653','The Matrix Revolutions','Feature Film','The Wachowski Brothers, The Wachowski Brother',6.6,129,'action, adventure, sci_fi',2003,268000,'http://www.imdb.com/title/tt0242653/','2003-10-27'),('tt0243155','Bridget Joness Diary','Feature Film','Sharon Maguire',6.7,97,'comedy, drama, romance',2001,119902,'http://www.imdb.com/title/tt0243155/','2001-04-04'),('tt0244244','Swordfish','Feature Film','Dominic Sena',6.4,99,'action, crime, thriller',2001,126248,'http://www.imdb.com/title/tt0244244/','2001-06-04'),('tt0244970','Someone Like You...','Feature Film','Tony Goldwyn',5.9,97,'comedy, romance',2001,15753,'http://www.imdb.com/title/tt0244970/','2001-03-30'),('tt0245562','Windtalkers','Feature Film','John Woo',5.9,134,'action, drama, war',2002,43410,'http://www.imdb.com/title/tt0245562/','2002-06-14'),('tt0245712','Amores Perros','Feature Film','Alejandro González Iñárritu',8.1,154,'drama, thriller',2000,120907,'http://www.imdb.com/title/tt0245712/','2000-05-14'),('tt0245844','The Count of Monte Cristo','Feature Film','Kevin Reynolds',7.6,131,'action, adventure, drama, history, romance, t',2002,81224,'http://www.imdb.com/title/tt0245844/','2002-01-23'),('tt0246460','Die Another Day','Feature Film','Lee Tamahori',6,133,'action, adventure, crime, thriller',2002,126458,'http://www.imdb.com/title/tt0246460/','2002-11-18'),('tt0246578','Donnie Darko','Feature Film','Richard Kelly',8.1,113,'drama, mystery, sci_fi',2001,397931,'http://www.imdb.com/title/tt0246578/','2001-01-19'),('tt0247196','Before Night Falls','Feature Film','Julian Schnabel',7.1,133,'biography, drama',2000,17520,'http://www.imdb.com/title/tt0247196/','2000-09-03'),('tt0247586','Nine Queens','Feature Film','Fabian Bielinsky',7.8,114,'crime, drama, thriller',2000,25344,'http://www.imdb.com/title/tt0247586/','2000-08-31'),('tt0247638','The Princess Diaries','Feature Film','Garry Marshall',5.9,115,'comedy, family, romance',2001,59301,'http://www.imdb.com/title/tt0247638/','2001-07-29'),('tt0248667','Ali','Feature Film','Michael Mann',6.6,157,'biography, drama, sport',2001,60702,'http://www.imdb.com/title/tt0248667/','2001-12-11'),('tt0253474','The Pianist','Feature Film','Roman Polanski',8.5,150,'biography, drama, history, war',2002,297126,'http://www.imdb.com/title/tt0253474/','2002-05-24'),('tt0257044','Road to Perdition','Feature Film','Sam Mendes',7.7,117,'crime, drama, thriller',2002,156494,'http://www.imdb.com/title/tt0257044/','2002-07-12'),('tt0257076','S.W.A.T.','Feature Film','Clark Johnson',5.9,117,'action, crime, thriller',2003,95083,'http://www.imdb.com/title/tt0257076/','2003-08-08'),('tt0257360','About Schmidt','Feature Film','Alexander Payne',7.2,125,'comedy, drama',2002,89007,'http://www.imdb.com/title/tt0257360/','2002-05-22'),('tt0258000','Panic Room','Feature Film','David Fincher',6.8,112,'crime, thriller',2002,149582,'http://www.imdb.com/title/tt0258000/','2002-03-29'),('tt0258463','The Bourne Identity','Feature Film','Doug Liman',7.9,119,'action, mystery, thriller',2002,277943,'http://www.imdb.com/title/tt0258463/','2002-06-06'),('tt0259288','Dragonfly','Feature Film','Tom Shadyac',5.8,104,'drama, fantasy, mystery, romance, thriller',2002,25871,'http://www.imdb.com/title/tt0259288/','2002-02-18'),('tt0259711','Vanilla Sky','Feature Film','Cameron Crowe',6.8,136,'mystery, romance, sci_fi, thriller',2001,161616,'http://www.imdb.com/title/tt0259711/','2001-12-10'),('tt0264464','Catch Me If You Can','Feature Film','Steven Spielberg',7.9,141,'biography, crime, drama',2002,308509,'http://www.imdb.com/title/tt0264464/','2002-12-16'),('tt0265086','Black Hawk Down','Feature Film','Ridley Scott',7.7,144,'drama, history, war',2001,209476,'http://www.imdb.com/title/tt0265086/','2001-12-18'),('tt0265208','The Girl Next Door','Feature Film','Luke Greenfield',6.7,108,'comedy, drama, romance',2004,132261,'http://www.imdb.com/title/tt0265208/','2004-02-18'),('tt0266543','Finding Nemo','Feature Film','Andrew Stanton, Lee Unkrich',8.1,100,'animation, adventure, comedy, family',2003,406471,'http://www.imdb.com/title/tt0266543/','2003-05-30'),('tt0266697','Kill Bill: Vol. 1','Feature Film','Quentin Tarantino',8.1,111,'action, crime',2003,470038,'http://www.imdb.com/title/tt0266697/','2003-10-10'),('tt0266987','Spy Game','Feature Film','Tony Scott',6.9,126,'action, crime, thriller',2001,95129,'http://www.imdb.com/title/tt0266987/','2001-11-19'),('tt0267626','K-19: The Widowmaker','Feature Film','Kathryn Bigelow',6.5,138,'drama, history, thriller, war',2002,39120,'http://www.imdb.com/title/tt0267626/','2002-07-19'),('tt0267804','The One','Feature Film','James Wong',5.8,87,'action, sci_fi, thriller',2001,63116,'http://www.imdb.com/title/tt0267804/','2001-11-02'),('tt0268380','Ice Age','Feature Film','Chris Wedge, Carlos Saldanha',7.5,81,'animation, adventure, comedy, family',2002,212641,'http://www.imdb.com/title/tt0268380/','2002-03-12'),('tt0268978','A Beautiful Mind','Feature Film','Ron Howard',8.1,135,'biography, drama',2001,344078,'http://www.imdb.com/title/tt0268978/','2001-12-13'),('tt0272152','K-PAX','Feature Film','Iain Softley',7.2,120,'drama, sci_fi',2001,106333,'http://www.imdb.com/title/tt0272152/','2001-10-22'),('tt0272207','Narc','Feature Film','Joe Carnahan',7.2,105,'crime, drama, thriller',2002,29148,'http://www.imdb.com/title/tt0272207/','2002-01-14'),('tt0274117','Read My Lips','Feature Film','Jacques Audiard',7.3,115,'crime, drama, romance, thriller',2001,8458,'http://www.imdb.com/title/tt0274117/','2001-09-10'),('tt0274558','The Hours','Feature Film','Stephen Daldry',7.4,114,'drama',2002,79921,'http://www.imdb.com/title/tt0274558/','2002-12-18'),('tt0275491','Bad Education','Feature Film','Pedro Almodóvar',7.3,106,'drama, mystery',2004,35491,'http://www.imdb.com/title/tt0275491/','2004-03-19'),('tt0276919','Dogville','Feature Film','Lars Von Trier',7.9,178,'drama',2003,82297,'http://www.imdb.com/title/tt0276919/','2003-05-19'),('tt0277434','We Were Soldiers','Feature Film','Randall Wallace',7,138,'action, drama, history, war',2002,74128,'http://www.imdb.com/title/tt0277434/','2002-02-25'),('tt0278504','Insomnia','Feature Film','Christopher Nolan',7.2,118,'crime, mystery, thriller',2002,157907,'http://www.imdb.com/title/tt0278504/','2002-05-03'),('tt0278823','Hollywood Ending','Feature Film','Woody Allen',6.4,112,'comedy, romance',2002,16694,'http://www.imdb.com/title/tt0278823/','2002-05-03'),('tt0279493','Undercover Brother','Feature Film','Malcolm D. Lee',5.6,86,'action, comedy',2002,24824,'http://www.imdb.com/title/tt0279493/','2002-05-30'),('tt0283900','LAuberge Espagnole','Feature Film','Cédric Klapisch',7.2,122,'comedy, drama',2002,26592,'http://www.imdb.com/title/tt0283900/','2002-05-17'),('tt0284490','Showtime','Feature Film','Tom Dey',5.4,95,'action, comedy, crime',2002,41824,'http://www.imdb.com/title/tt0284490/','2002-03-11'),('tt0286106','Signs','Feature Film','M. Night Shyamalan',6.7,106,'drama, sci_fi, thriller',2002,211383,'http://www.imdb.com/title/tt0286106/','2002-07-29'),('tt0286244','The Triplets of Belleville','Feature Film','Sylvain Chomet',7.7,78,'animation, comedy',2003,32953,'http://www.imdb.com/title/tt0286244/','2003-05-18'),('tt0286716','Hulk','Feature Film','Ang Lee',5.7,138,'action, sci_fi',2003,152282,'http://www.imdb.com/title/tt0286716/','2003-06-17'),('tt0287467','Talk to Her','Feature Film','Pedro Almodóvar',7.9,112,'comedy, drama, romance',2002,68777,'http://www.imdb.com/title/tt0287467/','2002-03-15'),('tt0287978','Daredevil','Feature Film','Mark Steven Johnson',5.3,103,'action, crime, fantasy, sci_fi, thriller',2003,125000,'http://www.imdb.com/title/tt0287978/','2003-02-09'),('tt0289043','28 Days Later...','Feature Film','Danny Boyle',7.6,113,'horror, sci_fi, thriller',2002,215237,'http://www.imdb.com/title/tt0289043/','2002-11-01'),('tt0289765','Red Dragon','Feature Film','Brett Ratner',7.2,124,'crime, thriller',2002,150845,'http://www.imdb.com/title/tt0289765/','2002-09-30'),('tt0289879','The Butterfly Effect','Feature Film','Eric Bress, J. Mackye Gruber',7.6,113,'sci_fi, thriller',2004,249433,'http://www.imdb.com/title/tt0289879/','2004-01-22'),('tt0290334','X2','Feature Film','Bryan Singer',7.5,133,'action, adventure, sci_fi, thriller',2003,260492,'http://www.imdb.com/title/tt0290334/','2003-04-24'),('tt0290673','Irreversible','Feature Film','Gaspar Noé',7.3,97,'crime, drama, mystery, thriller',2002,62320,'http://www.imdb.com/title/tt0290673/','2002-05-22'),('tt0292506','The Recruit','Feature Film','Roger Donaldson',6.5,115,'action, crime, drama, thriller',2003,87548,'http://www.imdb.com/title/tt0292506/','2003-01-25'),('tt0292963','Before the Devil Knows Youre Dead','Feature Film','Sidney Lumet',7.3,117,'crime, drama, thriller',2007,67360,'http://www.imdb.com/title/tt0292963/','2007-09-06'),('tt0293662','The Transporter','Feature Film','Cory Yuen',6.7,92,'action, crime, thriller',2002,165483,'http://www.imdb.com/title/tt0293662/','2002-10-02'),('tt0295297','Harry Potter and the Chamber of Secrets','Feature Film','Chris Columbus',7.2,161,'adventure, family, fantasy, mystery',2002,264062,'http://www.imdb.com/title/tt0295297/','2002-11-03'),('tt0296572','The Chronicles of Riddick','Feature Film','David Twohy',6.5,119,'action, adventure, sci_fi, thriller',2004,137037,'http://www.imdb.com/title/tt0296572/','2004-06-03'),('tt0298148','Shrek 2','Feature Film','Andrew Adamson, Kelly Asbury',7.2,93,'animation, adventure, comedy, family, fantasy',2004,211787,'http://www.imdb.com/title/tt0298148/','2004-05-15'),('tt0299658','Chicago','Feature Film','Rob Marshall',7.1,113,'comedy, crime, musical',2002,131413,'http://www.imdb.com/title/tt0299658/','2002-12-10'),('tt0301357','Good Bye Lenin!','Feature Film','Wolfgang Becker',7.7,121,'comedy, drama, romance',2003,82727,'http://www.imdb.com/title/tt0301357/','2003-02-09'),('tt0302886','Old School','Feature Film','Todd Phillips',7,91,'comedy',2003,147596,'http://www.imdb.com/title/tt0302886/','2003-02-13'),('tt0304141','Harry Potter and the Prisoner of Azkaban','Feature Film','Alfonso Cuarón',7.7,142,'adventure, family, fantasy, mystery',2004,256084,'http://www.imdb.com/title/tt0304141/','2004-05-31'),('tt0305224','Anger Management','Feature Film','Peter Segal',6.1,106,'comedy',2003,133295,'http://www.imdb.com/title/tt0305224/','2003-03-05'),('tt0307453','Shark Tale','Feature Film','Bibo Bergeron, Vicky Jenson',5.9,90,'animation, adventure, comedy, family',2004,94789,'http://www.imdb.com/title/tt0307453/','2004-09-10'),('tt0308644','Finding Neverland','Feature Film','Marc Forster',7.7,106,'biography, drama, family',2004,143838,'http://www.imdb.com/title/tt0308644/','2004-09-04'),('tt0309698','Identity','Feature Film','James Mangold',7.2,90,'mystery, thriller',2003,129963,'http://www.imdb.com/title/tt0309698/','2003-04-25'),('tt0309987','The Dreamers','Feature Film','Bernardo Bertolucci',7.1,115,'drama, romance',2003,53666,'http://www.imdb.com/title/tt0309987/','2003-09-01'),('tt0311113','Master and Commander: The Far Side of the Wor','Feature Film','Peter Weir',7.4,138,'action, adventure, drama, war',2003,132037,'http://www.imdb.com/title/tt0311113/','2003-11-14'),('tt0312004','The Curse of the Were-Rabbit','Feature Film','Steve Box, Nick Park',7.6,85,'animation, adventure, comedy, family, horror',2005,74496,'http://www.imdb.com/title/tt0312004/','2005-09-04'),('tt0312549','Veronica Guerin','Feature Film','Joel Schumacher',6.8,98,'biography, crime, drama, thriller',2003,13449,'http://www.imdb.com/title/tt0312549/','2003-07-08'),('tt0313542','Runaway Jury','Feature Film','Gary Fleder',7,127,'drama, thriller',2003,63311,'http://www.imdb.com/title/tt0313542/','2003-10-09'),('tt0314331','Love Actually','Feature Film','Richard Curtis',7.7,135,'comedy, drama, romance',2003,220332,'http://www.imdb.com/title/tt0314331/','2003-09-07'),('tt0314353','Tears of the Sun','Feature Film','Antoine Fuqua',6.5,121,'action, drama, thriller, war',2003,70506,'http://www.imdb.com/title/tt0314353/','2003-03-03'),('tt0315733','21 Grams','Feature Film','Alejandro González Iñárritu',7.7,124,'crime, drama, thriller',2003,145712,'http://www.imdb.com/title/tt0315733/','2003-09-05'),('tt0316356','Open Range','Feature Film','Kevin Costner',7.4,139,'action, romance, western',2003,43052,'http://www.imdb.com/title/tt0316356/','2003-08-11'),('tt0316465','Radio','Feature Film','Michael Tollin',6.7,109,'drama, sport',2003,25631,'http://www.imdb.com/title/tt0316465/','2003-10-24'),('tt0316654','Spider-Man 2','Feature Film','Sam Raimi',7.4,127,'action, adventure, fantasy',2004,259087,'http://www.imdb.com/title/tt0316654/','2004-06-25'),('tt0317198','Bridget Jones: The Edge of Reason','Feature Film','Beeban Kidron',5.7,108,'comedy, romance',2004,49534,'http://www.imdb.com/title/tt0317198/','2004-11-08'),('tt0317219','Cars','Feature Film','John Lasseter, Joe Ranft',7.2,117,'animation, adventure, comedy, family, sport',2006,157310,'http://www.imdb.com/title/tt0317219/','2006-03-14'),('tt0317248','City of God','Feature Film','Fernando Meirelles, Kátia Lund',8.7,130,'crime, drama',2002,349753,'http://www.imdb.com/title/tt0317248/','2002-05-18'),('tt0317648','Hidalgo','Feature Film','Joe Johnston',6.6,136,'action, adventure, western',2004,54240,'http://www.imdb.com/title/tt0317648/','2004-02-17'),('tt0317705','The Incredibles','Feature Film','Brad Bird',8,115,'animation, action, adventure, family',2004,317560,'http://www.imdb.com/title/tt0317705/','2004-10-27'),('tt0317740','The Italian Job','Feature Film','F. Gary Gray',6.9,111,'action, crime, thriller',2003,205729,'http://www.imdb.com/title/tt0317740/','2003-05-30'),('tt0317919','Mission: Impossible III','Feature Film','J.J. Abrams',6.8,126,'action, adventure, thriller',2006,172287,'http://www.imdb.com/title/tt0317919/','2006-04-24'),('tt0318627','Resident Evil: Apocalypse','Feature Film','Alexander Witt',6,94,'action, horror, sci_fi, thriller',2004,115983,'http://www.imdb.com/title/tt0318627/','2004-09-10'),('tt0318871','Berserk','TV Series','Naohito Takahashi',8.2,21,'animation, action, adventure, fantasy, horror',1997,7546,'http://www.imdb.com/title/tt0318871/','1997-10-07'),('tt0319262','The Day After Tomorrow','Feature Film','Roland Emmerich',6.3,124,'action, adventure, sci_fi, thriller',2004,227633,'http://www.imdb.com/title/tt0319262/','2004-05-17'),('tt0320661','Kingdom of Heaven','Feature Film','Ridley Scott',7.1,144,'action, adventure, drama, history, war',2005,155619,'http://www.imdb.com/title/tt0320661/','2005-05-02'),('tt0322259','2 Fast 2 Furious','Feature Film','John Singleton',5.4,107,'action, crime, thriller',2003,113287,'http://www.imdb.com/title/tt0322259/','2003-06-03'),('tt0324554','Wicker Park','Feature Film','Paul McGuigan',6.8,114,'drama, mystery, romance, thriller',2004,35632,'http://www.imdb.com/title/tt0324554/','2004-07-04'),('tt0325710','The Last Samurai','Feature Film','Edward Zwick',7.7,154,'action, drama, history, war',2003,226471,'http://www.imdb.com/title/tt0325710/','2003-11-22'),('tt0325980','Pirates of the Caribbean: The Curse of the Bl','Feature Film','Gore Verbinski',8,143,'action, adventure, fantasy',2003,519353,'http://www.imdb.com/title/tt0325980/','2003-06-28'),('tt0327056','Mystic River','Feature Film','Clint Eastwood',8,138,'crime, drama, mystery, thriller',2003,256046,'http://www.imdb.com/title/tt0327056/','2003-05-23'),('tt0327554','Catwoman','Feature Film','Pitof',3.2,104,'action, fantasy',2004,66535,'http://www.imdb.com/title/tt0327554/','2004-07-19'),('tt0328107','Man on Fire','Feature Film','Tony Scott',7.7,146,'action, crime, drama, thriller',2004,189741,'http://www.imdb.com/title/tt0328107/','2004-04-21'),('tt0330373','Harry Potter and the Goblet of Fire','Feature Film','Mike Newell',7.5,157,'adventure, family, fantasy, mystery',2005,260267,'http://www.imdb.com/title/tt0330373/','2005-11-06'),('tt0332280','The Notebook','Feature Film','Nick Cassavetes',7.9,123,'drama, romance',2004,259612,'http://www.imdb.com/title/tt0332280/','2004-05-20'),('tt0332452','Troy','Feature Film','Wolfgang Petersen',7.1,163,'adventure, drama',2004,256566,'http://www.imdb.com/title/tt0332452/','2004-05-09'),('tt0335119','Girl with a Pearl Earring','Feature Film','Peter Webber',6.9,100,'biography, drama, romance',2003,46101,'http://www.imdb.com/title/tt0335119/','2003-08-31'),('tt0335266','Lost in Translation','Feature Film','Sofia Coppola',7.8,101,'drama',2003,239878,'http://www.imdb.com/title/tt0335266/','2003-08-29'),('tt0335345','The Passion of the Christ','Feature Film','Mel Gibson',7,127,'drama',2004,145575,'http://www.imdb.com/title/tt0335345/','2004-02-25'),('tt0335438','Starsky & Hutch','Feature Film','Todd Phillips',6,101,'comedy, crime',2004,96449,'http://www.imdb.com/title/tt0335438/','2004-02-26'),('tt0337921','Cellular','Feature Film','David R. Ellis',6.4,94,'action, crime, drama, thriller',2004,63568,'http://www.imdb.com/title/tt0337921/','2004-09-10'),('tt0337978','Live Free or Die Hard','Feature Film','Len Wiseman',7.3,128,'action, crime, thriller',2007,263635,'http://www.imdb.com/title/tt0337978/','2007-06-12'),('tt0338013','Eternal Sunshine of the Spotless Mind','Feature Film','Michel Gondry',8.4,108,'drama, romance, sci_fi',2004,437480,'http://www.imdb.com/title/tt0338013/','2004-03-19'),('tt0338337','Paycheck','Feature Film','John Woo',6.1,119,'sci_fi, thriller, action, mystery',2003,72907,'http://www.imdb.com/title/tt0338337/','2003-12-25'),('tt0338526','Van Helsing','Feature Film','Stephen Sommers',5.8,131,'action, adventure, fantasy, mystery, thriller',2004,133638,'http://www.imdb.com/title/tt0338526/','2004-05-03'),('tt0338751','The Aviator','Feature Film','Martin Scorsese',7.5,170,'biography, drama',2004,182853,'http://www.imdb.com/title/tt0338751/','2004-12-14'),('tt0340855','Monster','Feature Film','Patty Jenkins',7.3,109,'biography, crime, drama',2003,78469,'http://www.imdb.com/title/tt0340855/','2003-11-16'),('tt0342735','Manderlay','Feature Film','Lars Von Trier',7.2,139,'drama',2005,14702,'http://www.imdb.com/title/tt0342735/','2005-05-16'),('tt0343737','The Good Shepherd','Feature Film','Robert De Niro',6.7,167,'drama, history, thriller',2006,75471,'http://www.imdb.com/title/tt0343737/','2006-12-11'),('tt0343818','I, Robot','Feature Film','Alex Proyas',7,115,'action, mystery, sci_fi, thriller',2004,252206,'http://www.imdb.com/title/tt0343818/','2004-07-15'),('tt0344510','A Very Long Engagement','Feature Film','Jean-Pierre Jeunet',7.7,133,'drama, mystery, romance, war',2004,51451,'http://www.imdb.com/title/tt0344510/','2004-10-27'),('tt0346491','Alexander','Feature Film','Oliver Stone',5.4,175,'action, adventure, biography, drama, history,',2004,108294,'http://www.imdb.com/title/tt0346491/','2004-11-16'),('tt0348150','Superman Returns','Feature Film','Bryan Singer',6.2,154,'action, adventure, fantasy, sci_fi',2006,195832,'http://www.imdb.com/title/tt0348150/','2006-06-21'),('tt0349683','King Arthur','Feature Film','Antoine Fuqua',6.2,126,'action, adventure, drama, history, war',2004,100345,'http://www.imdb.com/title/tt0349683/','2004-06-28'),('tt0349903','Oceans Twelve','Feature Film','Steven Soderbergh',6.3,125,'crime, thriller',2004,197585,'http://www.imdb.com/title/tt0349903/','2004-12-08'),('tt0350258','Ray','Feature Film','Taylor Hackford',7.7,152,'biography, drama, music',2004,81545,'http://www.imdb.com/title/tt0350258/','2004-09-12'),('tt0351283','Madagascar','Feature Film','Eric Darnell, Tom McGrath',6.8,86,'animation, adventure, comedy, family',2005,166173,'http://www.imdb.com/title/tt0351283/','2005-05-25'),('tt0352248','Cinderella Man','Feature Film','Ron Howard',7.9,144,'biography, drama, romance, sport',2005,114521,'http://www.imdb.com/title/tt0352248/','2005-05-23'),('tt0356910','Mr. & Mrs. Smith','Feature Film','Doug Liman',6.4,120,'action, comedy, romance',2005,219758,'http://www.imdb.com/title/tt0356910/','2005-06-07'),('tt0358273','Walk the Line','Feature Film','James Mangold',7.8,136,'biography, drama, music, romance',2005,148027,'http://www.imdb.com/title/tt0358273/','2005-09-04'),('tt0360486','Constantine','Feature Film','Francis Lawrence',6.8,121,'fantasy, horror',2005,166833,'http://www.imdb.com/title/tt0360486/','2005-02-08'),('tt0360717','King Kong','Feature Film','Peter Jackson',7.3,187,'action, adventure, drama, romance',2005,242025,'http://www.imdb.com/title/tt0360717/','2005-12-05'),('tt0361748','Inglourious Basterds','Feature Film','Quentin Tarantino',8.3,153,'adventure, drama, war',2009,505426,'http://www.imdb.com/title/tt0361748/','2009-05-20'),('tt0361862','The Machinist','Feature Film','Brad Anderson',7.7,101,'drama, thriller',2004,192045,'http://www.imdb.com/title/tt0361862/','2004-01-18'),('tt0362225','Tell No One','Feature Film','Guillaume Canet',7.5,131,'crime, drama, mystery, thriller',2006,26254,'http://www.imdb.com/title/tt0362225/','2006-11-01'),('tt0362227','The Terminal','Feature Film','Steven Spielberg',7.2,128,'comedy, drama',2004,201375,'http://www.imdb.com/title/tt0362227/','2004-06-09'),('tt0363771','The Chronicles of Narnia: The Lion, the Witch','Feature Film','Andrew Adamson',6.8,143,'adventure, family, fantasy',2005,202246,'http://www.imdb.com/title/tt0363771/','2005-12-07'),('tt0363988','Secret Window','Feature Film','David Koepp',6.5,96,'mystery, thriller',2004,106767,'http://www.imdb.com/title/tt0363988/','2004-03-12'),('tt0364517','Love Me If You Dare','Feature Film','Yann Samuell',7.6,93,'comedy, drama, romance',2003,40444,'http://www.imdb.com/title/tt0364517/','2003-08-29'),('tt0364569','Oldboy','Feature Film','Chan-wook Park',8.4,120,'drama, mystery, thriller',2003,217666,'http://www.imdb.com/title/tt0364569/','2003-11-21'),('tt0364725','Dodgeball: A True Underdog Story','Feature Film','Rawson Marshall Thurber',6.6,92,'comedy, sport',2004,127949,'http://www.imdb.com/title/tt0364725/','2004-06-18'),('tt0364961','The Assassination of Richard Nixon','Feature Film','Niels Mueller',7,95,'biography, drama',2004,20739,'http://www.imdb.com/title/tt0364961/','2004-05-17'),('tt0366548','Happy Feet','Feature Film','George Miller, Warren Coleman',6.5,108,'animation, comedy, family, music',2006,91847,'http://www.imdb.com/title/tt0366548/','2006-11-16'),('tt0366627','The Jacket','Feature Film','John Maybury',7,103,'drama, mystery, sci_fi, thriller',2005,72942,'http://www.imdb.com/title/tt0366627/','2005-01-23'),('tt0367882','Indiana Jones and the Kingdom of the Crystal ','Feature Film','Steven Spielberg',6.3,122,'action, adventure',2008,240897,'http://www.imdb.com/title/tt0367882/','2008-05-18'),('tt0367959','Hannibal Rising','Feature Film','Peter Webber',6,121,'crime, drama, thriller',2007,64589,'http://www.imdb.com/title/tt0367959/','2007-02-07'),('tt0368008','The Manchurian Candidate','Feature Film','Jonathan Demme',6.6,129,'drama, mystery, sci_fi, thriller',2004,69984,'http://www.imdb.com/title/tt0368008/','2004-07-22'),('tt0368794','Im Not There.','Feature Film','Todd Haynes',6.8,135,'biography, drama, music',2007,39910,'http://www.imdb.com/title/tt0368794/','2007-09-03'),('tt0368891','National Treasure','Feature Film','Jon Turteltaub',6.8,131,'action, adventure, mystery, thriller',2004,185636,'http://www.imdb.com/title/tt0368891/','2004-11-08'),('tt0369339','Collateral','Feature Film','Michael Mann',7.6,120,'crime, drama, thriller',2004,222878,'http://www.imdb.com/title/tt0369339/','2004-08-05'),('tt0370032','Ultraviolet','Feature Film','Kurt Wimmer',4.2,88,'action, sci_fi',2006,58817,'http://www.imdb.com/title/tt0370032/','2006-03-03'),('tt0371746','Iron Man','Feature Film','Jon Favreau',7.9,126,'action, adventure, sci_fi',2008,434654,'http://www.imdb.com/title/tt0371746/','2008-04-14'),('tt0372183','The Bourne Supremacy','Feature Film','Paul Greengrass',7.7,108,'action, crime, thriller',2004,235651,'http://www.imdb.com/title/tt0372183/','2004-07-15'),('tt0372784','Batman Begins','Feature Film','Christopher Nolan',8.3,140,'action, adventure, crime, drama',2005,604665,'http://www.imdb.com/title/tt0372784/','2005-06-10'),('tt0373690','Arsène Lupin','Feature Film','Jean-Paul Salomé',5.3,125,'action, adventure, crime, mystery, romance',2004,4548,'http://www.imdb.com/title/tt0373690/','2004-09-17'),('tt0373889','Harry Potter and the Order of the Phoenix','Feature Film','David Yates',7.3,138,'adventure, family, fantasy, mystery',2007,240996,'http://www.imdb.com/title/tt0373889/','2007-06-28'),('tt0374463','The Pacific','Mini-Series','',8.2,0,'action, adventure, drama, history, war',2010,41105,'http://www.imdb.com/title/tt0374463/','2010-03-14'),('tt0374546','Spring, Summer, Fall, Winter... and Spring','Feature Film','Ki-duk Kim',8,103,'drama',2003,42445,'http://www.imdb.com/title/tt0374546/','2003-08-14'),('tt0374569','Che: Part Two','Feature Film','Steven Soderbergh',6.8,135,'biography, drama, history, war',2008,21571,'http://www.imdb.com/title/tt0374569/','2008-05-21'),('tt0375679','Crash','Feature Film','Paul Haggis',7.9,112,'drama',2004,289864,'http://www.imdb.com/title/tt0375679/','2004-09-10'),('tt0375912','Layer Cake','Feature Film','Matthew Vaughn',7.3,105,'crime, drama, thriller',2004,98855,'http://www.imdb.com/title/tt0375912/','2004-10-01'),('tt0376136','The Rum Diary','Feature Film','Bruce Robinson',6.2,120,'comedy, drama',2011,64100,'http://www.imdb.com/title/tt0376136/','2011-10-13'),('tt0376541','Closer','Feature Film','Mike Nichols',7.3,104,'drama, romance',2004,134879,'http://www.imdb.com/title/tt0376541/','2004-12-03'),('tt0376994','X-Men: The Last Stand','Feature Film','Brett Ratner',6.8,104,'action, adventure, sci_fi, thriller',2006,245164,'http://www.imdb.com/title/tt0376994/','2006-05-22'),('tt0377107','Proof','Feature Film','John Madden',6.7,100,'drama, mystery',2005,29259,'http://www.imdb.com/title/tt0377107/','2005-09-05'),('tt0378194','Kill Bill: Vol. 2','Feature Film','Quentin Tarantino',8,137,'action, crime, thriller',2004,361076,'http://www.imdb.com/title/tt0378194/','2004-04-16'),('tt0379786','Serenity','Feature Film','Joss Whedon',7.9,119,'action, adventure, sci_fi, thriller',2005,186862,'http://www.imdb.com/title/tt0379786/','2005-08-22'),('tt0379889','The Merchant of Venice','Feature Film','Michael Radford',7,138,'drama, romance',2004,24343,'http://www.imdb.com/title/tt0379889/','2004-09-03'),('tt0381061','Casino Royale','Feature Film','Martin Campbell',7.9,144,'action, crime, thriller',2006,324323,'http://www.imdb.com/title/tt0381061/','2006-11-14'),('tt0381849','3:10 to Yuma','Feature Film','James Mangold',7.7,122,'adventure, crime, drama, western',2007,181154,'http://www.imdb.com/title/tt0381849/','2007-08-21'),('tt0382932','Ratatouille','Feature Film','Brad Bird, Jan Pinkava',8,111,'animation, comedy, family, fantasy',2007,316737,'http://www.imdb.com/title/tt0382932/','2007-06-22'),('tt0383574','Pirates of the Caribbean: Dead Mans Chest','Feature Film','Gore Verbinski',7.2,151,'action, adventure, fantasy',2006,347558,'http://www.imdb.com/title/tt0383574/','2006-06-24'),('tt0384566','Havana Suite','Documentary','Fernando Pérez',6.9,85,'documentary',2003,418,'http://www.imdb.com/title/tt0384566/','2003-09-18'),('tt0384793','Accepted','Feature Film','Steve Pink',6.4,93,'comedy',2006,80908,'http://www.imdb.com/title/tt0384793/','2006-08-18'),('tt0385307','Miss Congeniality 2: Armed and Fabulous','Feature Film','John Pasquin',4.7,115,'action, comedy, crime',2005,33415,'http://www.imdb.com/title/tt0385307/','2005-03-11'),('tt0385700','Final Fantasy VII: Advent Children','Feature Film','Tetsuya Nomura, Takeshi Nozue',7.2,101,'animation, action, sci_fi, thriller',2005,41438,'http://www.imdb.com/title/tt0385700/','2005-08-31'),('tt0385752','The Golden Compass','Feature Film','Chris Weitz',6.1,113,'adventure, family, fantasy, sci_fi',2007,115444,'http://www.imdb.com/title/tt0385752/','2007-11-27'),('tt0386588','Hitch','Feature Film','Andy Tennant',6.6,118,'comedy, romance',2005,178320,'http://www.imdb.com/title/tt0386588/','2005-02-10'),('tt0387877','The Black Dahlia','Feature Film','Brian De Palma',5.5,121,'crime, drama, mystery, thriller',2006,53791,'http://www.imdb.com/title/tt0387877/','2006-08-09'),('tt0388482','Transporter 2','Feature Film','Louis Leterrier',6.2,87,'action, crime, thriller',2005,105865,'http://www.imdb.com/title/tt0388482/','2005-08-03'),('tt0388795','Brokeback Mountain','Feature Film','Ang Lee',7.6,134,'drama, romance',2005,199652,'http://www.imdb.com/title/tt0388795/','2005-09-02'),('tt0389557','Black Book','Feature Film','Paul Verhoeven',7.8,145,'drama, thriller, war',2006,48499,'http://www.imdb.com/title/tt0389557/','2006-09-01'),('tt0390195','Love by Mistake','Feature Film','Gerardo Chijona',6.1,94,'drama',2004,65,'http://www.imdb.com/title/tt0390195/','0000-00-00'),('tt0395119','Alatriste','Feature Film','Agustín Díaz Yanes',5.9,145,'adventure, biography, drama, history, romance',2006,8429,'http://www.imdb.com/title/tt0395119/','2006-09-01'),('tt0395169','Hotel Rwanda','Feature Film','Terry George',8.2,121,'biography, drama, history, war',2004,180194,'http://www.imdb.com/title/tt0395169/','2004-09-11'),('tt0396171','Perfume: The Story of a Murderer','Feature Film','Tom Tykwer',7.5,147,'crime, drama, fantasy',2006,138427,'http://www.imdb.com/title/tt0396171/','2006-09-07'),('tt0396269','Wedding Crashers','Feature Film','David Dobkin',7,119,'comedy, romance',2005,207293,'http://www.imdb.com/title/tt0396269/','2005-07-13'),('tt0397892','Bolt','Feature Film','Byron Howard, Chris Williams',7,96,'animation, adventure, comedy, family, sci_fi',2008,99274,'http://www.imdb.com/title/tt0397892/','2008-11-17'),('tt0398712','Assault on Precinct 13','Feature Film','Jean-François Richet',6.2,109,'action, drama, crime, thriller',2005,55897,'http://www.imdb.com/title/tt0398712/','2005-01-19'),('tt0399146','A History of Violence','Feature Film','David Cronenberg',7.5,96,'crime, drama, thriller',2005,147916,'http://www.imdb.com/title/tt0399146/','2005-05-16'),('tt0399201','The Island','Feature Film','Michael Bay',6.8,136,'action, adventure, sci_fi, thriller',2005,201490,'http://www.imdb.com/title/tt0399201/','2005-07-11'),('tt0399295','Lord of War','Feature Film','Andrew Niccol',7.6,122,'crime, drama, thriller',2005,190993,'http://www.imdb.com/title/tt0399295/','2005-09-16'),('tt0400717','Open Season','Feature Film','Roger Allers, Jill Culton',6.1,83,'animation, adventure, comedy, family',2006,45269,'http://www.imdb.com/title/tt0400717/','2006-09-29'),('tt0401383','The Diving Bell and the Butterfly','Feature Film','Julian Schnabel',8,112,'biography, drama',2007,69719,'http://www.imdb.com/title/tt0401383/','2007-05-22'),('tt0401711','Paris, je taime','Feature Film','Olivier Assayas, Frédéric Auburtin',7.3,120,'comedy, drama, romance',2006,51873,'http://www.imdb.com/title/tt0401711/','2006-05-18'),('tt0401729','John Carter','Feature Film','Andrew Stanton',6.6,132,'action, adventure, fantasy, sci_fi',2012,151877,'http://www.imdb.com/title/tt0401729/','2012-02-22'),('tt0401792','Sin City','Feature Film','Frank Miller, Robert Rodriguez',8.2,124,'crime, thriller',2005,459604,'http://www.imdb.com/title/tt0401792/','2005-03-28'),('tt0401997','Breach','Feature Film','Billy Ray',7,110,'biography, crime, drama, history, thriller',2007,45862,'http://www.imdb.com/title/tt0401997/','2007-02-16'),('tt0402894','Casanova','Feature Film','Lasse Hallström',6.4,112,'adventure, comedy, drama, romance',2005,34965,'http://www.imdb.com/title/tt0402894/','2005-09-03'),('tt0405094','The Lives of Others','Feature Film','Florian Henckel von Donnersmarck',8.5,137,'drama, thriller',2006,168069,'http://www.imdb.com/title/tt0405094/','2006-03-15'),('tt0405159','Million Dollar Baby','Feature Film','Clint Eastwood',8.1,132,'drama, sport',2004,303423,'http://www.imdb.com/title/tt0405159/','2004-12-15'),('tt0405422','The 40-Year-Old Virgin','Feature Film','Judd Apatow',7.2,116,'comedy, romance',2005,216925,'http://www.imdb.com/title/tt0405422/','2005-08-11'),('tt0406816','The Guardian','Feature Film','Andrew Davis',6.7,139,'action, adventure, drama',2006,57651,'http://www.imdb.com/title/tt0406816/','2006-09-28'),('tt0407887','The Departed','Feature Film','Martin Scorsese',8.5,151,'crime, drama, thriller',2006,540473,'http://www.imdb.com/title/tt0407887/','2006-09-26'),('tt0408236','Sweeney Todd: The Demon Barber of Fleet Stree','Feature Film','Tim Burton',7.5,116,'drama, horror, musical, thriller',2007,208015,'http://www.imdb.com/title/tt0408236/','2007-12-03'),('tt0408306','Munich','Feature Film','Steven Spielberg',7.6,164,'drama, history, thriller',2005,141672,'http://www.imdb.com/title/tt0408306/','2005-12-23'),('tt0408345','Firewall','Feature Film','Richard Loncraine',5.7,105,'crime, thriller',2006,43124,'http://www.imdb.com/title/tt0408345/','2006-02-02'),('tt0408790','Flightplan','Feature Film','Robert Schwentke',6.1,98,'drama, mystery, thriller',2005,96948,'http://www.imdb.com/title/tt0408790/','2005-09-22'),('tt0409184','Russian Dolls','Feature Film','Cédric Klapisch',7,125,'comedy, drama, romance',2005,12098,'http://www.imdb.com/title/tt0409184/','2005-06-15'),('tt0409459','Watchmen','Feature Film','Zack Snyder',7.6,162,'action, drama, mystery, sci_fi',2009,280703,'http://www.imdb.com/title/tt0409459/','2009-02-23'),('tt0409847','Cowboys & Aliens','Feature Film','Jon Favreau',6.1,119,'action, sci_fi, thriller, western',2011,127871,'http://www.imdb.com/title/tt0409847/','2011-07-29'),('tt0410297','The Lake House','Feature Film','Alejandro Agresti',6.7,99,'drama, fantasy, romance',2006,85962,'http://www.imdb.com/title/tt0410297/','2006-06-16'),('tt0411272','Mesrine: Public Enemy #1','Feature Film','Jean-François Richet',7.4,133,'action, biography, crime, drama, thriller',2008,16907,'http://www.imdb.com/title/tt0411272/','2008-10-22'),('tt0411477','Hellboy II: The Golden Army','Feature Film','Guillermo del Toro',7.1,120,'action, adventure, fantasy, sci_fi',2008,155719,'http://www.imdb.com/title/tt0411477/','2008-06-28'),('tt0414055','Elizabeth: The Golden Age','Feature Film','Shekhar Kapur',6.8,114,'biography, drama, history',2007,42769,'http://www.imdb.com/title/tt0414055/','2007-09-09'),('tt0414387','Pride & Prejudice','Feature Film','Joe Wright',7.7,129,'drama, romance',2005,132315,'http://www.imdb.com/title/tt0414387/','2005-07-25'),('tt0415306','Talladega Nights: The Ballad of Ricky Bobby','Feature Film','Adam McKay',6.4,108,'action, comedy, sport',2006,92492,'http://www.imdb.com/title/tt0415306/','2006-07-26'),('tt0416185','Resurrecting the Champ','Feature Film','Rod Lurie',6.7,112,'drama, sport',2007,15306,'http://www.imdb.com/title/tt0416185/','2007-01-20'),('tt0416320','Match Point','Feature Film','Woody Allen',7.7,124,'crime, drama, thriller',2005,120585,'http://www.imdb.com/title/tt0416320/','2005-05-12'),('tt0416449','300','Feature Film','Zack Snyder',7.7,117,'action, fantasy, history, war',2006,427025,'http://www.imdb.com/title/tt0416449/','2006-12-09'),('tt0417397','9th Company','Feature Film','Fedor Bondarchuk',7,139,'action, drama, history, war',2005,12744,'http://www.imdb.com/title/tt0417397/','2005-09-29'),('tt0417741','Harry Potter and the Half-Blood Prince','Feature Film','David Yates',7.4,153,'adventure, family, fantasy, mystery',2009,211327,'http://www.imdb.com/title/tt0417741/','2009-07-06'),('tt0418279','Transformers','Feature Film','Michael Bay',7.1,144,'action, adventure, sci_fi, thriller',2007,376415,'http://www.imdb.com/title/tt0418279/','2007-06-12'),('tt0418689','Flags of Our Fathers','Feature Film','Clint Eastwood',7.1,132,'drama, history, war',2006,79800,'http://www.imdb.com/title/tt0418689/','2006-10-20'),('tt0418763','Jarhead','Feature Film','Sam Mendes',7,125,'biography, drama, war',2005,109125,'http://www.imdb.com/title/tt0418763/','2005-11-04'),('tt0419887','The Kite Runner','Feature Film','Marc Forster',7.6,128,'drama',2007,55515,'http://www.imdb.com/title/tt0419887/','2007-10-05'),('tt0420223','Stranger Than Fiction','Feature Film','Marc Forster',7.6,113,'comedy, drama, fantasy, romance',2006,148168,'http://www.imdb.com/title/tt0420223/','2006-09-09'),('tt0421073','Street Kings','Feature Film','David Ayer',6.8,109,'action, crime, drama, thriller',2008,79304,'http://www.imdb.com/title/tt0421073/','2008-04-03'),('tt0421239','Red Eye','Feature Film','Wes Craven',6.4,85,'thriller',2005,77503,'http://www.imdb.com/title/tt0421239/','2005-08-04'),('tt0421715','The Curious Case of Benjamin Button','Feature Film','David Fincher',7.8,166,'drama, fantasy, romance',2008,314336,'http://www.imdb.com/title/tt0421715/','2008-12-10'),('tt0422015','Le couperet','Feature Film','Costa-Gavras',7.3,122,'comedy, crime, drama, thriller',2005,4924,'http://www.imdb.com/title/tt0422015/','2005-03-02'),('tt0425061','Get Smart','Feature Film','Peter Segal',6.5,110,'action, comedy, thriller',2008,131058,'http://www.imdb.com/title/tt0425061/','2008-06-19'),('tt0425112','Hot Fuzz','Feature Film','Edgar Wright',7.8,121,'action, comedy',2007,244712,'http://www.imdb.com/title/tt0425112/','2007-02-14'),('tt0425210','Lucky Number Slevin','Feature Film','Paul McGuigan',7.7,110,'crime, drama, mystery, thriller',2006,200558,'http://www.imdb.com/title/tt0425210/','2006-02-24'),('tt0427309','The Great Debaters','Feature Film','Denzel Washington',7.4,126,'biography, drama',2007,34882,'http://www.imdb.com/title/tt0427309/','2007-12-11'),('tt0427944','Thank You for Smoking','Feature Film','Jason Reitman',7.6,92,'comedy, drama',2005,153701,'http://www.imdb.com/title/tt0427944/','2005-09-09'),('tt0429493','The A-Team','Feature Film','Joe Carnahan',6.8,117,'action, adventure, thriller',2010,156253,'http://www.imdb.com/title/tt0429493/','2010-06-03'),('tt0430922','Role Models','Feature Film','David Wain',6.9,99,'comedy',2008,149740,'http://www.imdb.com/title/tt0430922/','2008-10-22'),('tt0431197','The Kingdom','Feature Film','Peter Berg',7,110,'action, drama, thriller',2007,83630,'http://www.imdb.com/title/tt0431197/','2007-08-22'),('tt0431308','P.S. I Love You','Feature Film','Richard LaGravenese',6.9,126,'drama, romance',2007,111753,'http://www.imdb.com/title/tt0431308/','2007-12-20'),('tt0432021','Resident Evil: Extinction','Feature Film','Russell Mulcahy',6.2,94,'action, horror, sci_fi, thriller',2007,115081,'http://www.imdb.com/title/tt0432021/','2007-09-20'),('tt0433035','Real Steel','Feature Film','Shawn Levy',7,127,'action, drama, sci_fi, sport',2011,173160,'http://www.imdb.com/title/tt0433035/','2011-09-06'),('tt0433383','Good Night, and Good Luck.','Feature Film','George Clooney',7.5,93,'drama, history',2005,71104,'http://www.imdb.com/title/tt0433383/','2005-09-01'),('tt0434409','V for Vendetta','Feature Film','James McTeigue',8.2,132,'action, crime, fantasy, mystery, sci_fi, thri',2005,507448,'http://www.imdb.com/title/tt0434409/','2005-12-11'),('tt0435761','Toy Story 3','Feature Film','Lee Unkrich',8.4,103,'animation, adventure, comedy, family, fantasy',2010,320823,'http://www.imdb.com/title/tt0435761/','2010-06-12'),('tt0438097','Ice Age: The Meltdown','Feature Film','Carlos Saldanha',6.8,91,'animation, action, adventure, comedy, family,',2006,122742,'http://www.imdb.com/title/tt0438097/','2006-03-01'),('tt0438488','Terminator Salvation','Feature Film','McG',6.7,115,'action, drama, sci_fi, thriller',2009,205777,'http://www.imdb.com/title/tt0438488/','2009-05-14'),('tt0440963','The Bourne Ultimatum','Feature Film','Paul Greengrass',8.1,115,'action, crime, thriller',2007,322034,'http://www.imdb.com/title/tt0440963/','2007-07-25'),('tt0441297','Habana Blues','Feature Film','Benito Zambrano',6.8,115,'drama, music',2005,1857,'http://www.imdb.com/title/tt0441297/','2005-03-15'),('tt0441773','Kung Fu Panda','Feature Film','Mark Osborne, John Stevenson',7.6,90,'animation, action, adventure, comedy, family',2008,195367,'http://www.imdb.com/title/tt0441773/','2008-05-15'),('tt0441909','Volver','Feature Film','Pedro Almodóvar',7.6,121,'comedy, crime, drama, mystery',2006,59464,'http://www.imdb.com/title/tt0441909/','2006-03-10'),('tt0443272','Lincoln','Feature Film','Steven Spielberg',7.5,150,'biography, drama, history, war',2012,122416,'http://www.imdb.com/title/tt0443272/','2012-10-08'),('tt0443274','Vantage Point','Feature Film','Pete Travis',6.6,90,'action, crime, drama, thriller',2008,106198,'http://www.imdb.com/title/tt0443274/','2008-02-13'),('tt0443453','Borat: Cultural Learnings of America for Make','Feature Film','Larry Charles',7.3,84,'comedy',2006,233498,'http://www.imdb.com/title/tt0443453/','2006-08-04'),('tt0443456','Breaking and Entering','Feature Film','Anthony Minghella',6.5,120,'drama, romance',2006,17255,'http://www.imdb.com/title/tt0443456/','2006-09-13'),('tt0443543','The Illusionist','Feature Film','Neil Burger',7.6,110,'drama, mystery, romance, thriller',2006,209985,'http://www.imdb.com/title/tt0443543/','2006-04-27'),('tt0443706','Zodiac','Feature Film','David Fincher',7.7,157,'crime, drama, mystery, thriller',2007,190744,'http://www.imdb.com/title/tt0443706/','2007-03-02'),('tt0445934','Blades of Glory','Feature Film','Josh Gordon, Will Speck',6.3,93,'comedy, sport',2007,93915,'http://www.imdb.com/title/tt0445934/','2007-03-30'),('tt0445990','Invincible','Feature Film','Ericson Core',7,105,'biography, drama, sport',2006,34996,'http://www.imdb.com/title/tt0445990/','2006-08-25'),('tt0446013','Pathfinder','Feature Film','Marcus Nispel',5.3,99,'action, adventure, drama, history, thriller, ',2007,30867,'http://www.imdb.com/title/tt0446013/','2007-01-11'),('tt0446029','Scott Pilgrim vs. the World','Feature Film','Edgar Wright',7.5,112,'action, comedy, fantasy, romance',2010,186347,'http://www.imdb.com/title/tt0446029/','2010-07-27'),('tt0448011','Knowing','Feature Film','Alex Proyas',6.2,121,'drama, mystery, sci_fi, thriller',2009,143467,'http://www.imdb.com/title/tt0448011/','2009-03-09'),('tt0448157','Hancock','Feature Film','Peter Berg',6.4,92,'action, fantasy',2008,218084,'http://www.imdb.com/title/tt0448157/','2008-06-16'),('tt0448694','Puss in Boots','Feature Film','Chris Miller',6.6,90,'animation, adventure, comedy, family',2011,79616,'http://www.imdb.com/title/tt0448694/','2011-10-23'),('tt0449059','Little Miss Sunshine','Feature Film','Jonathan Dayton, Valerie Faris',7.9,101,'adventure, comedy, drama',2006,262891,'http://www.imdb.com/title/tt0449059/','2006-01-20'),('tt0449088','Pirates of the Caribbean: At Worlds End','Feature Film','Gore Verbinski',7,169,'action, adventure, fantasy',2007,315104,'http://www.imdb.com/title/tt0449088/','2007-05-19'),('tt0449467','Babel','Feature Film','Alejandro González Iñárritu',7.5,143,'drama',2006,189981,'http://www.imdb.com/title/tt0449467/','2006-05-23'),('tt0449487','Passengers','Feature Film','Rodrigo García',5.7,93,'drama, mystery, romance, thriller',2008,21051,'http://www.imdb.com/title/tt0449487/','2008-09-26'),('tt0450188','La Vie en Rose','Feature Film','Olivier Dahan',7.6,140,'biography, drama, music',2007,45480,'http://www.imdb.com/title/tt0450188/','2007-02-08'),('tt0450232','16 Blocks','Feature Film','Richard Donner',6.6,105,'action, crime, drama, thriller',2006,92435,'http://www.imdb.com/title/tt0450232/','2006-03-01'),('tt0450259','Blood Diamond','Feature Film','Edward Zwick',8,143,'adventure, drama, thriller',2006,267527,'http://www.imdb.com/title/tt0450259/','2006-12-08'),('tt0450843','Sheitan','Feature Film','Kim Chapiron',5.5,94,'comedy, horror, thriller',2006,5518,'http://www.imdb.com/title/tt0450843/','2006-01-27'),('tt0452594','The Break-Up','Feature Film','Peyton Reed',5.7,106,'comedy, drama, romance',2006,76386,'http://www.imdb.com/title/tt0452594/','2006-06-01'),('tt0452608','Death Race','Feature Film','Paul W.S. Anderson',6.3,105,'action, sci_fi, thriller',2008,123452,'http://www.imdb.com/title/tt0452608/','2008-08-21'),('tt0452623','Gone Baby Gone','Feature Film','Ben Affleck',7.7,114,'crime, drama, mystery, thriller',2007,137606,'http://www.imdb.com/title/tt0452623/','2007-09-05'),('tt0453467','Deja Vu','Feature Film','Tony Scott',7,126,'action, sci_fi, thriller',2006,174115,'http://www.imdb.com/title/tt0453467/','2006-11-20'),('tt0453562','42','Feature Film','Brian Helgeland',7.5,128,'biography, drama, sport',2013,31466,'http://www.imdb.com/title/tt0453562/','2013-04-12'),('tt0454824','Flyboys','Feature Film','Tony Bill',6.4,140,'action, adventure, drama, history, romance, w',2006,27971,'http://www.imdb.com/title/tt0454824/','2006-09-22'),('tt0454848','Inside Man','Feature Film','Spike Lee',7.6,129,'crime, drama, thriller',2006,199439,'http://www.imdb.com/title/tt0454848/','2006-03-16'),('tt0454876','Life of Pi','Feature Film','Ang Lee',8.1,127,'adventure, drama, fantasy',2012,246028,'http://www.imdb.com/title/tt0454876/','2012-09-28'),('tt0454921','The Pursuit of Happyness','Feature Film','Gabriele Muccino',7.8,117,'biography, drama',2006,223985,'http://www.imdb.com/title/tt0454921/','2006-12-15'),('tt0455590','The Last King of Scotland','Feature Film','Kevin Macdonald',7.7,121,'biography, drama, history',2006,110905,'http://www.imdb.com/title/tt0455590/','2006-09-01'),('tt0455824','Australia','Feature Film','Baz Luhrmann',6.5,165,'adventure, drama, history, romance, war',2008,81385,'http://www.imdb.com/title/tt0455824/','2008-11-18'),('tt0457513','Scoop','Feature Film','Woody Allen',6.7,96,'comedy, mystery',2006,50291,'http://www.imdb.com/title/tt0457513/','2006-07-28'),('tt0458339','Captain America: The First Avenger','Feature Film','Joe Johnston',6.8,124,'action, adventure, sci_fi',2011,248711,'http://www.imdb.com/title/tt0458339/','2011-07-19'),('tt0458352','The Devil Wears Prada','Feature Film','David Frankel',6.7,109,'comedy, drama, romance',2006,185203,'http://www.imdb.com/title/tt0458352/','2006-06-29'),('tt0460649','How I Met Your Mother','TV Series','',8.6,25,'comedy, drama, romance',2005,270393,'http://www.imdb.com/title/tt0460649/','2005-09-19'),('tt0462499','Rambo','Feature Film','Sylvester Stallone',7,92,'action, thriller, war',2008,140240,'http://www.imdb.com/title/tt0462499/','2008-01-23'),('tt0463998','Freedom Writers','Feature Film','Richard LaGravenese',7.3,123,'biography, crime, drama',2007,38554,'http://www.imdb.com/title/tt0463998/','2007-01-05'),('tt0465538','Michael Clayton','Feature Film','Tony Gilroy',7.3,119,'crime, drama, mystery, thriller',2007,108890,'http://www.imdb.com/title/tt0465538/','2007-08-31'),('tt0465551','Notes on a Scandal','Feature Film','Richard Eyre',7.4,92,'drama, thriller',2006,51847,'http://www.imdb.com/title/tt0465551/','2006-12-25'),('tt0467406','Juno','Feature Film','Jason Reitman',7.6,96,'comedy, drama, romance',2007,302835,'http://www.imdb.com/title/tt0467406/','2007-09-01'),('tt0468569','The Dark Knight','Feature Film','Christopher Nolan',9,152,'action, crime, drama, thriller',2008,1044725,'http://www.imdb.com/title/tt0468569/','2008-07-14'),('tt0469494','There Will Be Blood','Feature Film','Paul Thomas Anderson',8.1,158,'drama',2007,252118,'http://www.imdb.com/title/tt0469494/','2007-09-27'),('tt0471042','Tower Heist','Feature Film','Brett Ratner',6.2,104,'action, comedy, crime',2011,78542,'http://www.imdb.com/title/tt0471042/','2011-10-24'),('tt0472043','Apocalypto','Feature Film','Mel Gibson',7.7,139,'action, adventure, drama, thriller',2006,182556,'http://www.imdb.com/title/tt0472043/','2006-12-08'),('tt0472062','Charlie Wilsons War','Feature Film','Mike Nichols',7.1,102,'biography, comedy, drama, history',2007,72428,'http://www.imdb.com/title/tt0472062/','2007-12-10'),('tt0472181','The Smurfs','Feature Film','Raja Gosnell',5.3,103,'animation, adventure, comedy, family, fantasy',2011,47730,'http://www.imdb.com/title/tt0472181/','2011-07-24'),('tt0473075','Prince of Persia: The Sands of Time','Feature Film','Mike Newell',6.5,116,'action, adventure, fantasy, romance',2010,155140,'http://www.imdb.com/title/tt0473075/','2010-05-09'),('tt0473705','State of Play','Feature Film','Kevin Macdonald',7.1,127,'drama, mystery',2009,89470,'http://www.imdb.com/title/tt0473705/','2009-04-17'),('tt0475276','United 93','Feature Film','Paul Greengrass',7.6,111,'crime, drama, history',2006,69020,'http://www.imdb.com/title/tt0475276/','2006-04-28'),('tt0475394','Smokin Aces','Feature Film','Joe Carnahan',6.6,109,'action, crime, drama, thriller',2006,101972,'http://www.imdb.com/title/tt0475394/','2006-12-09'),('tt0476964','The Brave One','Feature Film','Neil Jordan',6.7,122,'crime, drama, thriller',2007,43328,'http://www.imdb.com/title/tt0476964/','2007-09-06'),('tt0477080','Unstoppable','Feature Film','Tony Scott',6.7,98,'action, thriller',2010,104901,'http://www.imdb.com/title/tt0477080/','2010-10-26'),('tt0477302','Extremely Loud & Incredibly Close','Feature Film','Stephen Daldry',6.8,129,'adventure, drama, mystery',2011,57213,'http://www.imdb.com/title/tt0477302/','2011-12-25'),('tt0477348','No Country for Old Men','Feature Film','Ethan Coen, Joel Coen',8.2,122,'crime, drama, thriller',2007,397432,'http://www.imdb.com/title/tt0477348/','2007-05-19'),('tt0478304','The Tree of Life','Feature Film','Terrence Malick',6.8,139,'drama, fantasy',2011,101908,'http://www.imdb.com/title/tt0478304/','2011-05-16'),('tt0478311','Knocked Up','Feature Film','Judd Apatow',7.1,129,'comedy, drama, romance',2007,225212,'http://www.imdb.com/title/tt0478311/','2007-03-12'),('tt0479952','Madagascar: Escape 2 Africa','Feature Film','Eric Darnell, Tom McGrath',6.7,89,'animation, action, adventure, comedy, family',2008,88486,'http://www.imdb.com/title/tt0479952/','2008-10-30'),('tt0480242','Dan in Real Life','Feature Film','Peter Hedges',6.7,98,'comedy, drama, romance',2007,72014,'http://www.imdb.com/title/tt0480242/','2007-10-26'),('tt0480249','I Am Legend','Feature Film','Francis Lawrence',7.1,101,'drama, sci_fi, thriller',2007,346764,'http://www.imdb.com/title/tt0480249/','2007-12-05'),('tt0480687','Hall Pass','Feature Film','Bobby Farrelly, Peter Farrelly',5.8,105,'comedy, romance',2011,80626,'http://www.imdb.com/title/tt0480687/','2011-02-23'),('tt0481369','The Number 23','Feature Film','Joel Schumacher',6.2,101,'drama, mystery, thriller',2007,127603,'http://www.imdb.com/title/tt0481369/','2007-02-13'),('tt0481499','The Croods','Feature Film','Kirk DeMicco, Chris Sanders',7.3,98,'animation, adventure, comedy, family, fantasy',2013,51520,'http://www.imdb.com/title/tt0481499/','2013-02-15'),('tt0481536','Harold & Kumar Escape from Guantanamo Bay','Feature Film','Jon Hurwitz, Hayden Schlossberg',6.5,114,'adventure, comedy',2008,91458,'http://www.imdb.com/title/tt0481536/','2008-04-24'),('tt0482088','Priceless','Feature Film','Pierre Salvadori',6.9,106,'comedy, romance',2006,19189,'http://www.imdb.com/title/tt0482088/','2006-11-18'),('tt0482571','The Prestige','Feature Film','Christopher Nolan',8.4,130,'drama, mystery, thriller',2006,497704,'http://www.imdb.com/title/tt0482571/','2006-10-17'),('tt0482606','The Strangers','Feature Film','Bryan Bertino',6.1,86,'horror, mystery, thriller',2008,69672,'http://www.imdb.com/title/tt0482606/','2008-05-29'),('tt0484740','Love in the Time of Cholera','Feature Film','Mike Newell',6.2,139,'drama, romance',2007,15496,'http://www.imdb.com/title/tt0484740/','2007-10-04'),('tt0485985','Red Tails','Feature Film','Anthony Hemingway',5.8,125,'action, adventure, drama, history, war',2012,21633,'http://www.imdb.com/title/tt0485985/','2012-01-20'),('tt0486576','Fantastic 4: Rise of the Silver Surfer','Feature Film','Tim Story',5.6,92,'action, fantasy, sci_fi, thriller',2007,149334,'http://www.imdb.com/title/tt0486576/','2007-06-12'),('tt0486655','Stardust','Feature Film','Matthew Vaughn',7.7,127,'adventure, family, fantasy, romance',2007,163320,'http://www.imdb.com/title/tt0486655/','2007-08-09'),('tt0486822','Disturbia','Feature Film','D.J. Caruso',6.8,105,'drama, mystery, thriller',2007,150399,'http://www.imdb.com/title/tt0486822/','2007-04-04'),('tt0486946','Wild Hogs','Feature Film','Walt Becker',5.8,100,'action, adventure, comedy',2007,80450,'http://www.imdb.com/title/tt0486946/','2007-02-27'),('tt0488120','Fracture','Feature Film','Gregory Hoblit',7.1,113,'crime, drama, mystery, thriller',2007,102807,'http://www.imdb.com/title/tt0488120/','2007-04-11'),('tt0489099','Jumper','Feature Film','Doug Liman',5.9,88,'action, adventure, sci_fi, thriller',2008,175556,'http://www.imdb.com/title/tt0489099/','2008-02-06'),('tt0490204','Reign Over Me','Feature Film','Mike Binder',7.4,124,'drama',2007,72202,'http://www.imdb.com/title/tt0490204/','2007-03-22'),('tt0496806','Oceans Thirteen','Feature Film','Steven Soderbergh',6.8,122,'crime, thriller',2007,178744,'http://www.imdb.com/title/tt0496806/','2007-05-24'),('tt0497465','Vicky Cristina Barcelona','Feature Film','Woody Allen',7.1,96,'drama, romance',2008,137184,'http://www.imdb.com/title/tt0497465/','2008-05-17'),('tt0498380','Letters from Iwo Jima','Feature Film','Clint Eastwood',7.9,141,'drama, history, war',2006,108008,'http://www.imdb.com/title/tt0498380/','2006-11-15'),('tt0498399','We Own the Night','Feature Film','James Gray',6.9,117,'crime, drama, thriller',2007,61184,'http://www.imdb.com/title/tt0498399/','2007-05-25'),('tt0499549','Avatar','Feature Film','James Cameron',7.9,162,'action, adventure, fantasy, sci_fi',2009,618720,'http://www.imdb.com/title/tt0499549/','2009-12-10'),('tt0499556','War','Feature Film','Philip G. Atwell',6.1,103,'action, crime, thriller',2007,56450,'http://www.imdb.com/title/tt0499556/','2007-08-24'),('tt0758752','Love & Other Drugs','Feature Film','Edward Zwick',6.6,112,'comedy, drama, romance',2010,93813,'http://www.imdb.com/title/tt0758752/','2010-11-04'),('tt0758758','Into the Wild','Feature Film','Sean Penn',8.1,148,'adventure, biography, drama',2007,263187,'http://www.imdb.com/title/tt0758758/','2007-09-01'),('tt0758774','Body of Lies','Feature Film','Ridley Scott',7.1,128,'action, drama, thriller',2008,128321,'http://www.imdb.com/title/tt0758774/','2008-10-05'),('tt0765010','Brothers','Feature Film','Jim Sheridan',7.1,105,'drama, thriller, war',2009,62637,'http://www.imdb.com/title/tt0765010/','2009-12-03'),('tt0765429','American Gangster','Feature Film','Ridley Scott',7.8,157,'biography, crime, drama',2007,241994,'http://www.imdb.com/title/tt0765429/','2007-10-19'),('tt0765443','Eastern Promises','Feature Film','David Cronenberg',7.7,100,'crime, mystery, thriller',2007,149928,'http://www.imdb.com/title/tt0765443/','2007-09-08'),('tt0765446','Escape from Planet Earth','Feature Film','Callan Brunker',5.6,89,'animation, adventure, comedy, family, sci_fi',2013,10377,'http://www.imdb.com/title/tt0765446/','2013-02-15'),('tt0770828','Man of Steel','Feature Film','Zack Snyder',7.6,143,'action, adventure, fantasy, sci_fi',2013,232123,'http://www.imdb.com/title/tt0770828/','2013-06-10'),('tt0780504','Drive','Feature Film','Nicolas Winding Refn',7.9,100,'crime, drama',2011,306561,'http://www.imdb.com/title/tt0780504/','2011-05-20'),('tt0780511','Everybodys Fine','Feature Film','Kirk Jones',7.1,99,'adventure, drama',2009,37635,'http://www.imdb.com/title/tt0780511/','2009-11-03'),('tt0780536','In Bruges','Feature Film','Martin McDonagh',7.9,107,'comedy, crime, drama, thriller',2008,227223,'http://www.imdb.com/title/tt0780536/','2008-01-17'),('tt0780571','Mr. Brooks','Feature Film','Bruce A. Evans',7.3,120,'crime, drama, mystery, thriller',2007,98381,'http://www.imdb.com/title/tt0780571/','2007-05-22'),('tt0780653','The Wolfman','Feature Film','Joe Johnston',5.8,103,'drama, horror, thriller',2010,74389,'http://www.imdb.com/title/tt0780653/','2010-01-27'),('tt0783233','Atonement','Feature Film','Joe Wright',7.7,123,'drama, mystery, romance, war',2007,144029,'http://www.imdb.com/title/tt0783233/','2007-08-28'),('tt0790628','The Incredible Burt Wonderstone','Feature Film','Don Scardino',5.9,100,'comedy',2013,34096,'http://www.imdb.com/title/tt0790628/','2013-03-08'),('tt0790724','Jack Reacher','Feature Film','Christopher McQuarrie',6.9,130,'action, crime, thriller',2012,124128,'http://www.imdb.com/title/tt0790724/','2012-12-20'),('tt0790736','R.I.P.D.','Feature Film','Robert Schwentke',5.4,96,'action, comedy, crime, fantasy',2013,23828,'http://www.imdb.com/title/tt0790736/','2013-07-17'),('tt0792965','Hunting and Gathering','Feature Film','Claude Berri',6.6,97,'drama, romance',2007,7550,'http://www.imdb.com/title/tt0792965/','2007-03-21'),('tt0795421','Mamma Mia!','Feature Film','Phyllida Lloyd',6.2,108,'comedy, musical, romance',2008,99282,'http://www.imdb.com/title/tt0795421/','2008-06-30'),('tt0796366','Star Trek','Feature Film','J.J. Abrams',8,127,'action, adventure, sci_fi',2009,362613,'http://www.imdb.com/title/tt0796366/','2009-04-06'),('tt0800080','The Incredible Hulk','Feature Film','Louis Leterrier',6.9,112,'action, sci_fi, thriller',2008,218431,'http://www.imdb.com/title/tt0800080/','2008-06-06'),('tt0800241','Transsiberian','Feature Film','Brad Anderson',6.7,111,'crime, drama, mystery, thriller',2008,34019,'http://www.imdb.com/title/tt0800241/','2008-01-18'),('tt0800308','Appaloosa','Feature Film','Ed Harris',6.7,115,'crime, drama, western',2008,41481,'http://www.imdb.com/title/tt0800308/','2008-09-05'),('tt0800320','Clash of the Titans','Feature Film','Louis Leterrier',5.8,106,'action, adventure, fantasy',2010,170219,'http://www.imdb.com/title/tt0800320/','2010-03-26'),('tt0800369','Thor','Feature Film','Kenneth Branagh',7,115,'action, adventure, fantasy',2011,296759,'http://www.imdb.com/title/tt0800369/','2011-04-21'),('tt0804522','Rendition','Feature Film','Gavin Hood',6.8,122,'drama, thriller',2007,38418,'http://www.imdb.com/title/tt0804522/','2007-09-07'),('tt0808399','New York, I Love You','Feature Film','Fatih Akin, Yvan Attal',6.3,103,'comedy, drama, romance',2009,31518,'http://www.imdb.com/title/tt0808399/','0000-00-00'),('tt0814255','Percy Jackson & the Olympians: The Lightning ','Feature Film','Chris Columbus',5.8,118,'adventure, family, fantasy',2010,89873,'http://www.imdb.com/title/tt0814255/','2010-02-10'),('tt0814314','Seven Pounds','Feature Film','Gabriele Muccino',7.5,123,'drama',2008,170230,'http://www.imdb.com/title/tt0814314/','2008-12-19'),('tt0814786','La tête de maman','Feature Film','Carine Tardieu',5.9,95,'drama',2007,309,'http://www.imdb.com/title/tt0814786/','2007-01-25'),('tt0815236','Shes Out of My League','Feature Film','Jim Field Smith',6.4,104,'comedy, romance',2010,76913,'http://www.imdb.com/title/tt0815236/','2010-03-11'),('tt0816711','World War Z','Feature Film','Marc Forster',7.1,116,'action, adventure, horror, sci_fi, thriller',2013,182003,'http://www.imdb.com/title/tt0816711/','2013-06-02'),('tt0821640','Ghosts of Girlfriends Past','Feature Film','Mark Waters',5.6,100,'comedy, fantasy, romance',2009,46979,'http://www.imdb.com/title/tt0821640/','2009-05-01'),('tt0822854','Shooter','Feature Film','Antoine Fuqua',7.1,124,'action, crime, drama, mystery, thriller',2007,174907,'http://www.imdb.com/title/tt0822854/','2007-03-08'),('tt0824747','Changeling','Feature Film','Clint Eastwood',7.8,141,'drama, history, mystery, thriller',2008,153485,'http://www.imdb.com/title/tt0824747/','2008-05-20'),('tt0825232','The Bucket List','Feature Film','Rob Reiner',7.3,97,'adventure, comedy, drama',2007,134612,'http://www.imdb.com/title/tt0825232/','2007-12-16'),('tt0829482','Superbad','Feature Film','Greg Mottola',7.6,113,'comedy',2007,301100,'http://www.imdb.com/title/tt0829482/','2007-08-17'),('tt0830515','Quantum of Solace','Feature Film','Marc Forster',6.7,106,'action, adventure, crime, thriller',2008,225812,'http://www.imdb.com/title/tt0830515/','2008-10-29'),('tt0832266','Definitely, Maybe','Feature Film','Adam Brooks',7.1,112,'comedy, drama, romance',2008,96791,'http://www.imdb.com/title/tt0832266/','2008-01-24'),('tt0837562','Hotel Transylvania','Feature Film','Genndy Tartakovsky',7,91,'animation, comedy, family, fantasy',2012,80508,'http://www.imdb.com/title/tt0837562/','2012-09-08'),('tt0838283','Step Brothers','Feature Film','Adam McKay',6.7,98,'comedy',2008,144802,'http://www.imdb.com/title/tt0838283/','2008-07-25'),('tt0840361','The Town','Feature Film','Ben Affleck',7.6,125,'crime, drama, thriller',2010,201875,'http://www.imdb.com/title/tt0840361/','2010-09-08'),('tt0844471','Cloudy with a Chance of Meatballs','Feature Film','Phil Lord, Chris Miller',7,90,'animation, comedy, family, fantasy',2009,86343,'http://www.imdb.com/title/tt0844471/','2009-09-16'),('tt0848228','The Avengers','Feature Film','Joss Whedon',8.2,143,'action, fantasy',2012,567608,'http://www.imdb.com/title/tt0848228/','2012-04-11'),('tt0848537','Epic','Feature Film','Chris Wedge',6.6,102,'animation, adventure, family, fantasy',2013,34395,'http://www.imdb.com/title/tt0848537/','2013-05-15'),('tt0850253','Battle in Seattle','Feature Film','Stuart Townsend',6.6,99,'action, drama',2007,10720,'http://www.imdb.com/title/tt0850253/','2007-09-08'),('tt0869994','Paris','Feature Film','Cédric Klapisch',6.7,130,'comedy, drama, romance',2008,7659,'http://www.imdb.com/title/tt0869994/','2008-01-19'),('tt0870111','Frost/Nixon','Feature Film','Ron Howard',7.7,122,'drama, history',2008,72743,'http://www.imdb.com/title/tt0870111/','2008-10-15'),('tt0875034','Nine','Feature Film','Rob Marshall',5.7,118,'drama, musical, romance',2009,31086,'http://www.imdb.com/title/tt0875034/','2009-12-03'),('tt0878804','The Blind Side','Feature Film','John Lee Hancock',7.6,129,'biography, drama, sport',2009,137016,'http://www.imdb.com/title/tt0878804/','2009-11-17'),('tt0881320','Sanctum','Feature Film','Alister Grierson',5.7,108,'action, adventure, drama, thriller',2011,37545,'http://www.imdb.com/title/tt0881320/','2011-02-03'),('tt0884328','The Mist','Feature Film','Frank Darabont',7.2,126,'horror, sci_fi, thriller',2007,160639,'http://www.imdb.com/title/tt0884328/','2007-11-21'),('tt0887883','Burn After Reading','Feature Film','Ethan Coen, Joel Coen',7,96,'comedy, crime, drama',2008,183792,'http://www.imdb.com/title/tt0887883/','2008-08-27'),('tt0887912','The Hurt Locker','Feature Film','Kathryn Bigelow',7.6,131,'drama, thriller, war',2008,219405,'http://www.imdb.com/title/tt0887912/','2008-09-04'),('tt0889573','The Switch','Feature Film','Josh Gordon, Will Speck',5.9,101,'comedy, drama, romance',2010,51394,'http://www.imdb.com/title/tt0889573/','2010-08-19'),('tt0892255','Che: Part One','Feature Film','Steven Soderbergh',7.1,134,'biography, drama, history, war',2008,30155,'http://www.imdb.com/title/tt0892255/','2008-05-21'),('tt0892769','How to Train Your Dragon','Feature Film','Dean DeBlois, Chris Sanders',8.1,98,'animation, adventure, comedy, drama, family, ',2010,249781,'http://www.imdb.com/title/tt0892769/','2010-03-18'),('tt0892782','Monsters vs Aliens','Feature Film','Rob Letterman, Conrad Vernon',6.6,94,'animation, action, adventure, comedy, family,',2009,77867,'http://www.imdb.com/title/tt0892782/','2009-03-19'),('tt0898266','The Big Bang Theory','TV Series','',8.6,21,'comedy',2007,301442,'http://www.imdb.com/title/tt0898266/','2007-09-24'),('tt0898367','The Road','Feature Film','John Hillcoat',7.2,111,'adventure, drama',2009,125908,'http://www.imdb.com/title/tt0898367/','2009-09-03'),('tt0903624','The Hobbit: An Unexpected Journey','Feature Film','Peter Jackson',8.1,169,'adventure, fantasy',2012,352176,'http://www.imdb.com/title/tt0903624/','2012-11-28'),('tt0903747','Breaking Bad','TV Series','',9.5,45,'crime, drama, thriller',2008,338901,'http://www.imdb.com/title/tt0903747/','2008-01-20'),('tt0910970','WALL·E','Feature Film','Andrew Stanton',8.5,98,'animation, adventure, family, romance, sci_fi',2008,430638,'http://www.imdb.com/title/tt0910970/','2008-06-23'),('tt0913425','Broken Embraces','Feature Film','Pedro Almodóvar',7.2,127,'drama, romance, thriller',2009,23605,'http://www.imdb.com/title/tt0913425/','2009-03-17'),('tt0914798','The Boy in the Striped Pajamas','Feature Film','Mark Herman',7.7,94,'drama, history, war',2008,76799,'http://www.imdb.com/title/tt0914798/','2008-08-28'),('tt0914863','Unthinkable','Feature Film','Gregor Jordan',7,97,'drama, thriller',2010,55678,'http://www.imdb.com/title/tt0914863/','2010-05-26'),('tt0924129','Crossing Over','Feature Film','Wayne Kramer',6.7,113,'drama',2009,16428,'http://www.imdb.com/title/tt0924129/','2009-02-26'),('tt0926084','Harry Potter and the Deathly Hallows: Part 1','Feature Film','David Yates',7.6,146,'adventure, family, fantasy, mystery',2010,214765,'http://www.imdb.com/title/tt0926084/','2010-11-11'),('tt0926759','The First Day of the Rest of Your Life','Feature Film','Rémi Bezançon',7.5,114,'drama',2008,5018,'http://www.imdb.com/title/tt0926759/','2008-06-13'),('tt0936501','Taken','Feature Film','Pierre Morel',7.8,93,'action, crime, thriller',2008,333993,'http://www.imdb.com/title/tt0936501/','2008-02-27'),('tt0942385','Tropic Thunder','Feature Film','Ben Stiller',7,107,'action, comedy',2008,224023,'http://www.imdb.com/title/tt0942385/','2008-08-13'),('tt0944835','Salt','Feature Film','Phillip Noyce',6.4,100,'action, crime, mystery, thriller',2010,175502,'http://www.imdb.com/title/tt0944835/','2010-07-19'),('tt0945513','Source Code','Feature Film','Duncan Jones',7.4,93,'mystery, sci_fi, thriller',2011,243593,'http://www.imdb.com/title/tt0945513/','2011-03-11'),('tt0947798','Black Swan','Feature Film','Darren Aronofsky',8.1,108,'drama, mystery, thriller',2010,373546,'http://www.imdb.com/title/tt0947798/','2010-09-01'),('tt0947810','Green Zone','Feature Film','Paul Greengrass',6.9,115,'action, drama, thriller, war',2010,85032,'http://www.imdb.com/title/tt0947810/','2010-02-26'),('tt0948470','The Amazing Spider-Man','Feature Film','Marc Webb',7.1,136,'action, adventure, fantasy',2012,267955,'http://www.imdb.com/title/tt0948470/','2012-06-13'),('tt0949731','The Happening','Feature Film','M. Night Shyamalan',5.1,91,'sci_fi, thriller',2008,130103,'http://www.imdb.com/title/tt0949731/','2008-06-11'),('tt0955308','Robin Hood','Feature Film','Ridley Scott',6.7,140,'action, adventure, drama, history',2010,152776,'http://www.imdb.com/title/tt0955308/','2010-05-12'),('tt0959337','Revolutionary Road','Feature Film','Sam Mendes',7.3,119,'drama, romance',2008,112926,'http://www.imdb.com/title/tt0959337/','2008-12-15'),('tt0963178','The International','Feature Film','Tom Tykwer',6.5,118,'action, crime, drama, mystery, thriller',2009,66778,'http://www.imdb.com/title/tt0963178/','2009-02-05'),('tt0964517','The Fighter','Feature Film','David O. Russell',7.9,116,'biography, drama, sport',2010,180494,'http://www.imdb.com/title/tt0964517/','2010-12-10'),('tt0968264','The Conspirator','Feature Film','Robert Redford',6.9,122,'crime, drama, history',2010,18768,'http://www.imdb.com/title/tt0968264/','2010-09-11'),('tt0970179','Hugo','Feature Film','Martin Scorsese',7.6,126,'adventure, drama, family, mystery',2011,172378,'http://www.imdb.com/title/tt0970179/','2011-10-10'),('tt0976051','The Reader','Feature Film','Stephen Daldry',7.5,124,'drama, romance',2008,136155,'http://www.imdb.com/title/tt0976051/','2008-12-10'),('tt0977855','Fair Game','Feature Film','Doug Liman',6.8,108,'biography, drama, thriller',2010,30214,'http://www.imdb.com/title/tt0977855/','2010-05-20'),('tt0978762','Mary and Max','Feature Film','Adam Elliot',8.1,92,'animation, comedy, drama',2009,67716,'http://www.imdb.com/title/tt0978762/','2009-01-15'),('tt0980970','The Chronicles of Narnia: The Voyage of the D','Feature Film','Michael Apted',6.3,113,'adventure, family, fantasy',2010,67133,'http://www.imdb.com/title/tt0980970/','2010-12-02'),('tt0983193','The Adventures of Tintin','Feature Film','Steven Spielberg',7.3,107,'animation, action, adventure, family, mystery',2011,128964,'http://www.imdb.com/title/tt0983193/','2011-10-23'),('tt0985694','Machete','Feature Film','Ethan Maniquis, Robert Rodriguez',6.7,105,'action, crime, thriller',2010,127993,'http://www.imdb.com/title/tt0985694/','2010-09-01'),('tt0985699','Valkyrie','Feature Film','Bryan Singer',7.1,121,'drama, history, thriller, war',2008,128701,'http://www.imdb.com/title/tt0985699/','2008-12-25'),('tt0986263','Surrogates','Feature Film','Jonathan Mostow',6.2,89,'action, sci_fi, thriller',2009,118516,'http://www.imdb.com/title/tt0986263/','2009-09-24'),('tt0988045','Sherlock Holmes','Feature Film','Guy Ritchie',7.5,128,'action, adventure, crime, mystery, thriller',2009,321295,'http://www.imdb.com/title/tt0988045/','2009-12-24'),('tt0988047','Traitor','Feature Film','Jeffrey Nachmanoff',7,114,'action, crime, drama, thriller',2008,42454,'http://www.imdb.com/title/tt0988047/','2008-08-21'),('tt0990361','Room of Death','Feature Film','Alfred Lot',6.3,115,'crime, mystery, thriller',2007,1066,'http://www.imdb.com/title/tt0990361/','2007-11-14'),('tt0993842','Hanna','Feature Film','Joe Wright',6.8,111,'action, adventure, thriller',2011,122340,'http://www.imdb.com/title/tt0993842/','2011-04-07'),('tt1001508','Hes Just Not That Into You','Feature Film','Ken Kwapis',6.3,129,'comedy, drama, romance',2009,95418,'http://www.imdb.com/title/tt1001508/','2009-02-05'),('tt1001526','Megamind','Feature Film','Tom McGrath',7.2,95,'animation, action, comedy, family, sci_fi',2010,111167,'http://www.imdb.com/title/tt1001526/','2010-10-28'),('tt1007028','Zack and Miri Make a Porno','Feature Film','Kevin Smith',6.7,101,'comedy, romance',2008,118790,'http://www.imdb.com/title/tt1007028/','2008-09-07'),('tt1007029','The Iron Lady','Feature Film','Phyllida Lloyd',6.3,105,'biography, drama, history',2011,52880,'http://www.imdb.com/title/tt1007029/','2011-12-26'),('tt1010048','Slumdog Millionaire','Feature Film','Danny Boyle, Loveleen Tandan',8,120,'drama, romance, thriller',2008,425694,'http://www.imdb.com/title/tt1010048/','2008-08-30'),('tt1013752','Fast & Furious','Feature Film','Justin Lin',6.5,107,'action, crime, drama, thriller',2009,121679,'http://www.imdb.com/title/tt1013752/','2009-03-12'),('tt1014759','Alice in Wonderland','Feature Film','Tim Burton',6.5,108,'adventure, family, fantasy',2010,212071,'http://www.imdb.com/title/tt1014759/','2010-03-03'),('tt1014762','Home','Documentary','Yann Arthus-Bertrand',8.3,120,'documentary, drama, family',2009,14491,'http://www.imdb.com/title/tt1014762/','2009-06-03'),('tt1018818','Assassination of a High School President','Feature Film','Brett Simon',6.3,93,'comedy, crime, mystery',2008,11775,'http://www.imdb.com/title/tt1018818/','2008-01-17'),('tt1020558','Centurion','Feature Film','Neil Marshall',6.3,97,'action, adventure, drama, history, thriller, ',2010,47695,'http://www.imdb.com/title/tt1020558/','2010-02-15'),('tt1022603','(500) Days of Summer','Feature Film','Marc Webb',7.8,95,'comedy, drama, romance',2009,250532,'http://www.imdb.com/title/tt1022603/','2009-01-17'),('tt1023114','The Way Back','Feature Film','Peter Weir',7.3,133,'adventure, drama, history',2010,61669,'http://www.imdb.com/title/tt1023114/','2010-09-03'),('tt1024648','Argo','Feature Film','Ben Affleck',7.9,120,'biography, drama, history, thriller',2012,256093,'http://www.imdb.com/title/tt1024648/','2012-08-31'),('tt1027718','Wall Street: Money Never Sleeps','Feature Film','Oliver Stone',6.2,133,'drama',2010,64797,'http://www.imdb.com/title/tt1027718/','2010-05-14'),('tt1028528','Death Proof','Feature Film','Quentin Tarantino',7.1,113,'action, thriller',2007,152648,'http://www.imdb.com/title/tt1028528/','2007-05-22'),('tt1028532','Hachi: A Dogs Tale','Feature Film','Lasse Hallström',8.1,93,'drama, family',2009,60717,'http://www.imdb.com/title/tt1028532/','2009-06-13'),('tt1032755','RocknRolla','Feature Film','Guy Ritchie',7.2,114,'action, crime, thriller',2008,144473,'http://www.imdb.com/title/tt1032755/','2008-09-04'),('tt1033575','The Descendants','Feature Film','Alexander Payne',7.4,115,'comedy, drama',2011,147081,'http://www.imdb.com/title/tt1033575/','2011-09-02'),('tt1033643','What Happens in Vegas','Feature Film','Tom Vaughan',5.9,99,'comedy, romance',2008,101216,'http://www.imdb.com/title/tt1033643/','2008-04-22'),('tt1034303','Defiance','Feature Film','Edward Zwick',7.1,137,'action, drama, history, thriller, war',2008,86553,'http://www.imdb.com/title/tt1034303/','2008-12-31'),('tt1034389','The Eagle','Feature Film','Kevin Macdonald',6.1,114,'adventure, drama',2011,39127,'http://www.imdb.com/title/tt1034389/','2011-02-09'),('tt1037156','Stone of Destiny','Feature Film','Charles Martin Smith',6.6,96,'adventure, comedy, crime, drama',2008,2296,'http://www.imdb.com/title/tt1037156/','2008-06-21'),('tt1037705','The Book of Eli','Feature Film','The Hughes Brothers, The Hughes Brothers',6.8,118,'action, adventure, drama, thriller',2010,158021,'http://www.imdb.com/title/tt1037705/','2010-01-11'),('tt1038919','The Bounty Hunter','Feature Film','Andy Tennant',5.3,110,'action, comedy, romance',2010,65151,'http://www.imdb.com/title/tt1038919/','2010-03-17'),('tt1045658','Silver Linings Playbook','Feature Film','David O. Russell',7.9,122,'comedy, drama, romance',2012,273441,'http://www.imdb.com/title/tt1045658/','2012-09-08'),('tt1049413','Up','Feature Film','Pete Docter, Bob Peterson',8.3,96,'animation, adventure, comedy, drama, family, ',2009,377269,'http://www.imdb.com/title/tt1049413/','2009-05-13'),('tt1053424','Repo Men','Feature Film','Miguel Sapochnik',6.2,111,'action, crime, sci_fi, thriller',2010,69710,'http://www.imdb.com/title/tt1053424/','2010-03-19'),('tt1053810','The Big Year','Feature Film','David Frankel',6.1,100,'comedy',2011,24950,'http://www.imdb.com/title/tt1053810/','2011-10-14'),('tt1054588','Flash of Genius','Feature Film','Marc Abraham',6.8,119,'biography, drama',2008,11800,'http://www.imdb.com/title/tt1054588/','2008-09-07'),('tt1054606','The Imaginarium of Doctor Parnassus','Feature Film','Terry Gilliam',6.8,123,'adventure, fantasy, mystery',2009,98035,'http://www.imdb.com/title/tt1054606/','2009-05-22'),('tt1055292','Life as We Know It','Feature Film','Greg Berlanti',6.3,114,'comedy, drama, romance',2010,58223,'http://www.imdb.com/title/tt1055292/','2010-10-02'),('tt1057500','Invictus','Feature Film','Clint Eastwood',7.3,134,'biography, drama, history, sport',2009,89332,'http://www.imdb.com/title/tt1057500/','2009-12-03'),('tt1058017','The Invention of Lying','Feature Film','Ricky Gervais, Matthew Robinson',6.3,100,'comedy, fantasy, romance',2009,71693,'http://www.imdb.com/title/tt1058017/','2009-09-14'),('tt1059786','Eagle Eye','Feature Film','D.J. Caruso',6.5,118,'action, mystery, thriller',2008,119822,'http://www.imdb.com/title/tt1059786/','2008-09-16'),('tt1060277','Cloverfield','Feature Film','Matt Reeves',7.1,85,'action, sci_fi, thriller',2008,224261,'http://www.imdb.com/title/tt1060277/','2008-01-16'),('tt1067583','Water for Elephants','Feature Film','Francis Lawrence',6.9,120,'drama, romance',2011,70488,'http://www.imdb.com/title/tt1067583/','2011-04-15'),('tt1068680','Yes Man','Feature Film','Peyton Reed',6.8,104,'comedy, romance',2008,197995,'http://www.imdb.com/title/tt1068680/','2008-12-09'),('tt1074638','Skyfall','Feature Film','Sam Mendes',7.8,143,'action, adventure, thriller',2012,339373,'http://www.imdb.com/title/tt1074638/','2012-10-23'),('tt1075113','Dont Look Back','Feature Film','Marina de Van',5.8,111,'drama, horror, mystery, thriller',2009,4066,'http://www.imdb.com/title/tt1075113/','2009-05-16'),('tt1077368','Dark Shadows','Feature Film','Tim Burton',6.2,113,'comedy, horror',2012,131631,'http://www.imdb.com/title/tt1077368/','2012-05-09'),('tt1080016','Ice Age: Dawn of the Dinosaurs','Feature Film','Carlos Saldanha, Mike Thurmeier',7,94,'animation, action, adventure, comedy, family,',2009,104668,'http://www.imdb.com/title/tt1080016/','2009-07-01'),('tt1092026','Paul','Feature Film','Greg Mottola',7,104,'adventure, comedy, sci_fi',2011,134703,'http://www.imdb.com/title/tt1092026/','2011-02-14'),('tt1099212','Twilight','Feature Film','Catherine Hardwicke',5.2,122,'drama, fantasy, romance',2008,266586,'http://www.imdb.com/title/tt1099212/','2008-11-17'),('tt1111422','The Taking of Pelham 1 2 3','Feature Film','Tony Scott',6.4,106,'action, crime, thriller',2009,105284,'http://www.imdb.com/title/tt1111422/','2009-06-04'),('tt1114740','Paul Blart: Mall Cop','Feature Film','Steve Carr',5.1,91,'action, comedy, crime',2009,57586,'http://www.imdb.com/title/tt1114740/','2009-01-06'),('tt1117385','Felon','Feature Film','Ric Roman Waugh',7.5,104,'crime, drama',2008,55142,'http://www.imdb.com/title/tt1117385/','2008-07-13'),('tt1119646','The Hangover','Feature Film','Todd Phillips',7.8,100,'comedy',2009,394583,'http://www.imdb.com/title/tt1119646/','2009-05-30'),('tt1120985','Blue Valentine','Feature Film','Derek Cianfrance',7.4,112,'drama, romance',2010,96486,'http://www.imdb.com/title/tt1120985/','2010-01-24'),('tt1124035','The Ides of March','Feature Film','George Clooney',7.2,101,'drama',2011,137079,'http://www.imdb.com/title/tt1124035/','2011-08-31'),('tt1125849','The Wrestler','Feature Film','Darren Aronofsky',8,109,'drama, romance, sport',2008,208090,'http://www.imdb.com/title/tt1125849/','2008-09-05'),('tt1126618','Morning Glory','Feature Film','Roger Michell',6.4,107,'comedy, drama, romance',2010,43243,'http://www.imdb.com/title/tt1126618/','2010-11-10'),('tt1130884','Shutter Island','Feature Film','Martin Scorsese',8,138,'drama, mystery, thriller',2010,435876,'http://www.imdb.com/title/tt1130884/','2010-02-13'),('tt1132620','The Girl with the Dragon Tattoo','Feature Film','Niels Arden Oplev',7.8,152,'crime, mystery, thriller',2009,128502,'http://www.imdb.com/title/tt1132620/','2009-02-27'),('tt1133985','Green Lantern','Feature Film','Martin Campbell',5.7,114,'action, adventure, sci_fi, thriller',2011,154792,'http://www.imdb.com/title/tt1133985/','2011-06-14'),('tt1135503','Julie & Julia','Feature Film','Nora Ephron',7,123,'biography, drama, romance',2009,56470,'http://www.imdb.com/title/tt1135503/','2009-07-30'),('tt1136608','District 9','Feature Film','Neill Blomkamp',8,112,'action, sci_fi, thriller',2009,388400,'http://www.imdb.com/title/tt1136608/','2009-08-13'),('tt1139328','The Ghost Writer','Feature Film','Roman Polanski',7.3,128,'mystery, thriller',2010,103108,'http://www.imdb.com/title/tt1139328/','2010-02-12'),('tt1142988','The Ugly Truth','Feature Film','Robert Luketic',6.3,96,'comedy, romance',2009,106513,'http://www.imdb.com/title/tt1142988/','2009-07-16'),('tt1152836','Public Enemies','Feature Film','Michael Mann',7,140,'biography, crime, drama, history',2009,169545,'http://www.imdb.com/title/tt1152836/','2009-06-18'),('tt1155056','I Love You, Man','Feature Film','John Hamburg',7,105,'comedy',2009,126336,'http://www.imdb.com/title/tt1155056/','2009-03-20'),('tt1156398','Zombieland','Feature Film','Ruben Fleischer',7.7,88,'comedy, horror',2009,252648,'http://www.imdb.com/title/tt1156398/','2009-09-25'),('tt1164999','Biutiful','Feature Film','Alejandro González Iñárritu',7.4,148,'drama',2010,46129,'http://www.imdb.com/title/tt1164999/','2010-05-17'),('tt1172991','The Company Men','Feature Film','John Wells',6.7,104,'drama',2010,28385,'http://www.imdb.com/title/tt1172991/','2010-01-22'),('tt1178663','Whatever Works','Feature Film','Woody Allen',7.1,92,'comedy, romance',2009,43209,'http://www.imdb.com/title/tt1178663/','2009-04-22'),('tt1179034','From Paris with Love','Feature Film','Pierre Morel',6.4,92,'action, crime, thriller',2010,76256,'http://www.imdb.com/title/tt1179034/','2010-02-04'),('tt1182345','Moon','Feature Film','Duncan Jones',7.9,97,'drama, sci_fi',2009,170259,'http://www.imdb.com/title/tt1182345/','2009-01-23'),('tt1188729','Pandorum','Feature Film','Christian Alvart',6.7,108,'action, horror, sci_fi, thriller',2009,90575,'http://www.imdb.com/title/tt1188729/','2009-09-25'),('tt1189073','The Skin I Live In','Feature Film','Pedro Almodóvar',7.6,120,'drama, horror, thriller',2011,67315,'http://www.imdb.com/title/tt1189073/','2011-05-19'),('tt1189340','The Lincoln Lawyer','Feature Film','Brad Furman',7.3,118,'crime, drama, thriller',2011,115845,'http://www.imdb.com/title/tt1189340/','2011-03-10'),('tt1192628','Rango','Feature Film','Gore Verbinski',7.3,107,'animation, adventure, comedy, family, western',2011,124770,'http://www.imdb.com/title/tt1192628/','2011-02-14'),('tt1193138','Up in the Air','Feature Film','Jason Reitman',7.5,109,'drama, romance',2009,200826,'http://www.imdb.com/title/tt1193138/','2009-09-05'),('tt1194173','The Bourne Legacy','Feature Film','Tony Gilroy',6.7,135,'action, adventure, mystery, thriller',2012,147226,'http://www.imdb.com/title/tt1194173/','2012-07-30'),('tt1195478','The Five-Year Engagement','Feature Film','Nicholas Stoller',6.2,124,'comedy, romance',2012,55775,'http://www.imdb.com/title/tt1195478/','2012-04-27'),('tt1197624','Law Abiding Citizen','Feature Film','F. Gary Gray',7.2,109,'crime, drama, thriller',2009,152066,'http://www.imdb.com/title/tt1197624/','2009-09-23'),('tt1201607','Harry Potter and the Deathly Hallows: Part 2','Feature Film','David Yates',8.1,130,'adventure, family, fantasy, mystery',2011,303640,'http://www.imdb.com/title/tt1201607/','2011-07-07'),('tt1205489','Gran Torino','Feature Film','Clint Eastwood',8.2,116,'drama',2008,367139,'http://www.imdb.com/title/tt1205489/','2008-12-09'),('tt1210166','Moneyball','Feature Film','Bennett Miller',7.6,133,'biography, drama, sport',2011,191122,'http://www.imdb.com/title/tt1210166/','2011-09-09'),('tt1210819','The Lone Ranger','Feature Film','Gore Verbinski',6.6,149,'action, adventure, western',2013,54717,'http://www.imdb.com/title/tt1210819/','2013-06-22'),('tt1212450','Lawless','Feature Film','John Hillcoat',7.2,116,'crime, drama',2012,108257,'http://www.imdb.com/title/tt1212450/','2012-05-19'),('tt1213648','London Boulevard','Feature Film','William Monahan',6.2,103,'crime, drama',2010,30639,'http://www.imdb.com/title/tt1213648/','2010-11-26'),('tt1216487','The Girl Who Played with Fire','Feature Film','Daniel Alfredson',7,129,'crime, drama, mystery, thriller',2009,51585,'http://www.imdb.com/title/tt1216487/','2009-09-18'),('tt1217209','Brave','Feature Film','Mark Andrews, Brenda Chapman',7.2,93,'animation, action, adventure, comedy, family,',2012,144052,'http://www.imdb.com/title/tt1217209/','2012-06-10'),('tt1217613','Battle Los Angeles','Feature Film','Jonathan Liebesman',5.7,116,'action, adventure, drama, sci_fi',2011,124358,'http://www.imdb.com/title/tt1217613/','2011-03-08'),('tt1219289','Limitless','Feature Film','Neil Burger',7.3,105,'mystery, sci_fi, thriller',2011,249383,'http://www.imdb.com/title/tt1219289/','2011-03-08'),('tt1220634','Resident Evil: Afterlife','Feature Film','Paul W.S. Anderson',5.8,97,'action, adventure, horror, sci_fi',2010,99654,'http://www.imdb.com/title/tt1220634/','2010-09-02'),('tt1220719','Ip Man','Feature Film','Wilson Yip',8,106,'action, biography, drama, history, sport',2008,86529,'http://www.imdb.com/title/tt1220719/','2008-12-12'),('tt1225822','Extract','Feature Film','Mike Judge',6.2,92,'comedy, crime, romance',2009,29731,'http://www.imdb.com/title/tt1225822/','2009-09-04'),('tt1226229','Get Him to the Greek','Feature Film','Nicholas Stoller',6.4,109,'comedy, music',2010,116204,'http://www.imdb.com/title/tt1226229/','2010-06-03'),('tt1226753','The Debt','Feature Film','John Madden',6.8,113,'drama, thriller',2010,43434,'http://www.imdb.com/title/tt1226753/','2010-09-04'),('tt1226774','In the Loop','Feature Film','Armando Iannucci',7.4,106,'comedy',2009,32673,'http://www.imdb.com/title/tt1226774/','2009-01-22'),('tt1228705','Iron Man 2','Feature Film','Jon Favreau',7,124,'action, adventure, sci_fi',2010,304172,'http://www.imdb.com/title/tt1228705/','2010-04-26'),('tt1229238','Mission: Impossible - Ghost Protocol','Feature Film','Brad Bird',7.3,133,'action, thriller',2011,239614,'http://www.imdb.com/title/tt1229238/','2011-12-07'),('tt1231583','Due Date','Feature Film','Todd Phillips',6.5,95,'comedy, drama',2010,197386,'http://www.imdb.com/title/tt1231583/','2010-10-31'),('tt1232200','Thats My Boy','Feature Film','Sean Anders',5.5,116,'comedy',2012,45538,'http://www.imdb.com/title/tt1232200/','2012-06-04'),('tt1232829','21 Jump Street','Feature Film','Phil Lord, Christopher Miller',7.1,109,'action, comedy, crime',2012,212369,'http://www.imdb.com/title/tt1232829/','2012-03-12'),('tt1233301','Ironclad','Feature Film','Jonathan English',6.1,121,'action, adventure, history, romance',2011,24667,'http://www.imdb.com/title/tt1233301/','2011-03-04'),('tt1235124','Dorian Gray','Feature Film','Oliver Parker',6.2,112,'drama, fantasy, thriller',2009,37460,'http://www.imdb.com/title/tt1235124/','2009-09-09'),('tt1235522','Broken City','Feature Film','Allen Hughes',6.1,109,'crime, drama, thriller',2013,34495,'http://www.imdb.com/title/tt1235522/','2013-01-18'),('tt1240982','Your Highness','Feature Film','David Gordon Green',5.5,102,'adventure, comedy, fantasy',2011,68950,'http://www.imdb.com/title/tt1240982/','2011-04-08'),('tt1242460','We Need to Talk About Kevin','Feature Film','Lynne Ramsay',7.5,112,'drama, thriller',2011,58584,'http://www.imdb.com/title/tt1242460/','2011-05-12'),('tt1243957','The Tourist','Feature Film','Florian Henckel von Donnersmarck',5.9,103,'action, romance, thriller',2010,118683,'http://www.imdb.com/title/tt1243957/','2010-12-08'),('tt1244754','Conviction','Feature Film','Tony Goldwyn',7.1,107,'biography, drama',2010,25892,'http://www.imdb.com/title/tt1244754/','2010-09-11'),('tt1245104','Presto','Short Film','Doug Sweetland',8.4,5,'animation, comedy, family, fantasy',2008,11756,'http://www.imdb.com/title/tt1245104/','2008-06-10'),('tt1245492','This Is the End','Feature Film','Evan Goldberg, Seth Rogen',7.1,107,'comedy, fantasy',2013,98504,'http://www.imdb.com/title/tt1245492/','2013-06-03'),('tt1245526','Red','Feature Film','Robert Schwentke',7,111,'action, comedy, crime, thriller',2010,162976,'http://www.imdb.com/title/tt1245526/','2010-09-29'),('tt1250777','Kick-Ass','Feature Film','Matthew Vaughn',7.8,117,'action, comedy',2010,299633,'http://www.imdb.com/title/tt1250777/','2010-03-12'),('tt1259014','Mesrine: Killer Instinct','Feature Film','Jean-François Richet',7.5,113,'action, biography, crime, drama, thriller',2008,19339,'http://www.imdb.com/title/tt1259014/','2008-09-11'),('tt1259521','The Cabin in the Woods','Feature Film','Drew Goddard',7.1,95,'horror, mystery, thriller',2012,173252,'http://www.imdb.com/title/tt1259521/','2012-03-09'),('tt1259571','The Twilight Saga: New Moon','Feature Film','Chris Weitz',4.5,130,'adventure, drama, fantasy, romance',2009,172116,'http://www.imdb.com/title/tt1259571/','2009-11-16'),('tt1263750','Room in Rome','Feature Film','Julio Medem',6,109,'drama, romance',2010,10530,'http://www.imdb.com/title/tt1263750/','2010-04-24'),('tt1270262','The Devils Double','Feature Film','Lee Tamahori',7.1,109,'biography, drama, thriller',2011,38518,'http://www.imdb.com/title/tt1270262/','2011-01-22'),('tt1270798','X-Men: First Class','Feature Film','Matthew Vaughn',7.8,132,'action, adventure, sci_fi',2011,308304,'http://www.imdb.com/title/tt1270798/','2011-05-25'),('tt1276104','Looper','Feature Film','Rian Johnson',7.5,119,'action, crime, sci_fi, thriller',2012,265967,'http://www.imdb.com/title/tt1276104/','2012-09-06'),('tt1277953','Madagascar 3: Europes Most Wanted','Feature Film','Eric Darnell, Tom McGrath',6.9,93,'animation, adventure, comedy, family',2012,71352,'http://www.imdb.com/title/tt1277953/','2012-05-18'),('tt1279935','Date Night','Feature Film','Shawn Levy',6.3,88,'comedy, crime, romance, thriller',2010,95475,'http://www.imdb.com/title/tt1279935/','2010-04-06'),('tt1284575','Bad Teacher','Feature Film','Jake Kasdan',5.6,92,'comedy',2011,114489,'http://www.imdb.com/title/tt1284575/','2011-06-17'),('tt1285016','The Social Network','Feature Film','David Fincher',7.8,120,'biography, drama',2010,311380,'http://www.imdb.com/title/tt1285016/','2010-09-24'),('tt1286537','Food, Inc.','Documentary','Robert Kenner',7.8,94,'documentary',2008,28715,'http://www.imdb.com/title/tt1286537/','2008-09-07'),('tt1288403','Universal Soldier: Regeneration','Feature Film','John Hyams',5.2,97,'action, adventure, sci_fi, thriller',2009,18145,'http://www.imdb.com/title/tt1288403/','2009-10-01'),('tt1289406','Harry Brown','Feature Film','Daniel Barber',7.2,103,'action, crime, drama, thriller',2009,57299,'http://www.imdb.com/title/tt1289406/','2009-09-12'),('tt1291584','Warrior','Feature Film','Gavin OConnor',8.2,140,'drama, sport',2011,190717,'http://www.imdb.com/title/tt1291584/','2011-09-09'),('tt1298649','The Watch','Feature Film','Akiva Schaffer',5.6,102,'comedy, sci_fi',2012,69681,'http://www.imdb.com/title/tt1298649/','2012-07-27'),('tt1298650','Pirates of the Caribbean: On Stranger Tides','Feature Film','Rob Marshall',6.6,136,'action, adventure, fantasy',2011,233273,'http://www.imdb.com/title/tt1298650/','2011-05-07'),('tt1300854','Iron Man 3','Feature Film','Shane Black',7.4,130,'action, adventure, fantasy, sci_fi',2013,269901,'http://www.imdb.com/title/tt1300854/','2013-04-18'),('tt1306980','50/50','Feature Film','Jonathan Levine',7.8,100,'comedy, drama',2011,182181,'http://www.imdb.com/title/tt1306980/','2011-09-12'),('tt1307068','Seeking a Friend for the End of the World','Feature Film','Lorene Scafaria',6.6,101,'drama, romance, sci_fi',2012,53698,'http://www.imdb.com/title/tt1307068/','2012-06-18'),('tt1313092','Animal Kingdom','Feature Film','David Michôd',7.3,113,'crime, drama, thriller',2010,33254,'http://www.imdb.com/title/tt1313092/','2010-01-22'),('tt1318514','Rise of the Planet of the Apes','Feature Film','Rupert Wyatt',7.6,105,'action, drama, sci_fi, thriller',2011,247855,'http://www.imdb.com/title/tt1318514/','2011-08-03'),('tt1321870','Gangster Squad','Feature Film','Ruben Fleischer',6.7,113,'action, crime, drama, thriller',2013,105775,'http://www.imdb.com/title/tt1321870/','2013-01-07'),('tt1323594','Despicable Me','Feature Film','Pierre Coffin, Chris Renaud',7.6,95,'animation, comedy, crime, family',2010,203915,'http://www.imdb.com/title/tt1323594/','2010-06-20'),('tt1324999','The Twilight Saga: Breaking Dawn - Part 1','Feature Film','Bill Condon',4.7,117,'adventure, drama, fantasy, romance',2011,133835,'http://www.imdb.com/title/tt1324999/','2011-10-30'),('tt1325004','The Twilight Saga: Eclipse','Feature Film','David Slade',4.8,124,'adventure, drama, fantasy, romance',2010,136778,'http://www.imdb.com/title/tt1325004/','2010-06-24'),('tt1327773','Lee Daniels The Butler','Feature Film','Lee Daniels',6.6,132,'biography, drama',2013,12006,'http://www.imdb.com/title/tt1327773/','2013-08-05'),('tt1334102','The Resident','Feature Film','Antti J. Jokinen',5.1,91,'mystery, thriller',2011,16523,'http://www.imdb.com/title/tt1334102/','2011-02-10'),('tt1340800','Tinker Tailor Soldier Spy','Feature Film','Tomas Alfredson',7.1,127,'drama, mystery, thriller',2011,105095,'http://www.imdb.com/title/tt1340800/','2011-09-05'),('tt1341167','Four Lions','Feature Film','Chris Morris',7.2,97,'comedy, crime, drama',2010,39292,'http://www.imdb.com/title/tt1341167/','2010-01-23'),('tt1343092','The Great Gatsby','Feature Film','Baz Luhrmann',7.3,143,'drama, romance',2013,140706,'http://www.imdb.com/title/tt1343092/','2013-05-01'),('tt1343097','The Girl Who Kicked the Hornets Nest','Feature Film','Daniel Alfredson',7.1,147,'crime, drama, thriller',2009,33805,'http://www.imdb.com/title/tt1343097/','2009-11-27'),('tt1343727','Dredd','Feature Film','Pete Travis',7,95,'action, sci_fi',2012,126979,'http://www.imdb.com/title/tt1343727/','2012-07-11'),('tt1345836','The Dark Knight Rises','Feature Film','Christopher Nolan',8.6,165,'action, crime, thriller',2012,672331,'http://www.imdb.com/title/tt1345836/','2012-07-16'),('tt1351685','Jack the Giant Slayer','Feature Film','Bryan Singer',6.3,114,'adventure, fantasy',2013,59511,'http://www.imdb.com/title/tt1351685/','2013-02-27'),('tt1366365','The Cold Light of Day','Feature Film','Mabrouk El Mechri',4.8,93,'action, thriller',2012,19428,'http://www.imdb.com/title/tt1366365/','2012-04-04'),('tt1371111','Cloud Atlas','Feature Film','Tom Tykwer, Andy Wachowski',7.6,172,'adventure, drama, sci_fi',2012,173595,'http://www.imdb.com/title/tt1371111/','2012-09-08'),('tt1372686','Coriolanus','Feature Film','Ralph Fiennes',6.1,123,'drama, thriller, war',2011,20501,'http://www.imdb.com/title/tt1372686/','2011-02-14'),('tt1374992','Upside Down','Feature Film','Juan Diego Solanas',6.3,100,'drama, fantasy, romance, sci_fi',2012,31132,'http://www.imdb.com/title/tt1374992/','2012-08-22'),('tt1375666','Inception','Feature Film','Christopher Nolan',8.8,148,'action, adventure, mystery, sci_fi, thriller',2010,844487,'http://www.imdb.com/title/tt1375666/','2010-07-08'),('tt1375670','Grown Ups','Feature Film','Dennis Dugan',5.8,102,'comedy',2010,117392,'http://www.imdb.com/title/tt1375670/','2010-06-24'),('tt1381404','The Company You Keep','Feature Film','Robert Redford',6.3,121,'drama, thriller',2012,12641,'http://www.imdb.com/title/tt1381404/','2012-09-06'),('tt1385826','The Adjustment Bureau','Feature Film','George Nolfi',7,106,'romance, sci_fi, thriller',2011,149395,'http://www.imdb.com/title/tt1385826/','2011-02-26'),('tt1385867','Cop Out','Feature Film','Kevin Smith',5.5,107,'action, comedy, crime',2010,60434,'http://www.imdb.com/title/tt1385867/','2010-02-25'),('tt1386588','The Other Guys','Feature Film','Adam McKay',6.6,107,'action, comedy, crime',2010,127223,'http://www.imdb.com/title/tt1386588/','2010-08-02'),('tt1386703','Total Recall','Feature Film','Len Wiseman',6.2,118,'action, adventure, sci_fi, thriller',2012,138089,'http://www.imdb.com/title/tt1386703/','2012-08-02'),('tt1389096','Stand Up Guys','Feature Film','Fisher Stevens',6.5,95,'comedy, crime',2012,25079,'http://www.imdb.com/title/tt1389096/','0000-00-00'),('tt1389137','We Bought a Zoo','Feature Film','Cameron Crowe',7.1,124,'drama, family',2011,73892,'http://www.imdb.com/title/tt1389137/','2011-11-26'),('tt1392170','The Hunger Games','Feature Film','Gary Ross',7.2,142,'adventure, sci_fi, thriller',2012,393666,'http://www.imdb.com/title/tt1392170/','2012-03-12'),('tt1392214','Prisoners','Feature Film','Denis Villeneuve',8.2,153,'crime, drama, thriller',2013,22509,'http://www.imdb.com/title/tt1392214/','2013-08-30'),('tt1396218','Mr. Poppers Penguins','Feature Film','Mark Waters',5.9,94,'comedy',2011,45286,'http://www.imdb.com/title/tt1396218/','2011-06-16'),('tt1397280','Taken 2','Feature Film','Olivier Megaton',6.2,92,'action, crime, thriller',2012,129060,'http://www.imdb.com/title/tt1397280/','2012-09-07'),('tt1399103','Transformers: Dark of the Moon','Feature Film','Michael Bay',6.3,154,'action, adventure, sci_fi',2011,223305,'http://www.imdb.com/title/tt1399103/','2011-06-23'),('tt1401152','Unknown','Feature Film','Jaume Collet-Serra',6.8,113,'action, mystery, thriller',2011,147699,'http://www.imdb.com/title/tt1401152/','2011-02-16'),('tt1403865','True Grit','Feature Film','Ethan Coen, Joel Coen',7.7,110,'adventure, drama, western',2010,173663,'http://www.imdb.com/title/tt1403865/','2010-12-14'),('tt1408101','Star Trek Into Darkness','Feature Film','J.J. Abrams',7.9,132,'action, adventure, sci_fi',2013,199428,'http://www.imdb.com/title/tt1408101/','2013-05-02'),('tt1409024','Men in Black 3','Feature Film','Barry Sonnenfeld',6.9,106,'action, comedy, sci_fi',2012,174644,'http://www.imdb.com/title/tt1409024/','2012-05-14'),('tt1411238','No Strings Attached','Feature Film','Ivan Reitman',6.1,108,'comedy, romance',2011,108576,'http://www.imdb.com/title/tt1411238/','2011-01-11'),('tt1411250','Riddick','Feature Film','David Twohy',6.8,119,'action, sci_fi, thriller',2013,25408,'http://www.imdb.com/title/tt1411250/','2013-09-04'),('tt1411697','The Hangover Part II','Feature Film','Todd Phillips',6.4,102,'comedy',2011,247916,'http://www.imdb.com/title/tt1411697/','2011-05-25'),('tt1416801','Kill the Irishman','Feature Film','Jonathan Hensleigh',7,106,'action, biography, crime, drama, thriller',2011,27269,'http://www.imdb.com/title/tt1416801/','2011-03-11'),('tt1430132','The Wolverine','Feature Film','James Mangold',7.1,126,'action, adventure, fantasy, sci_fi',2013,85652,'http://www.imdb.com/title/tt1430132/','2013-07-16'),('tt1430615','Big Miracle','Feature Film','Ken Kwapis',6.3,107,'drama, romance',2012,10953,'http://www.imdb.com/title/tt1430615/','2012-02-02'),('tt1433811','Disconnect','Feature Film','Henry-Alex Rubin',7.5,115,'drama, thriller',2012,13812,'http://www.imdb.com/title/tt1433811/','2012-09-11'),('tt1436045','13 Assassins','Feature Film','Takashi Miike',7.6,141,'action, adventure, drama',2010,36518,'http://www.imdb.com/title/tt1436045/','2010-09-09'),('tt1436562','Rio','Feature Film','Carlos Saldanha',6.9,96,'animation, adventure, comedy, family, musical',2011,104018,'http://www.imdb.com/title/tt1436562/','2011-03-22'),('tt1440129','Battleship','Feature Film','Peter Berg',5.8,131,'action, adventure, sci_fi, thriller',2012,144030,'http://www.imdb.com/title/tt1440129/','2012-04-03'),('tt1440232','Little White Lies','Feature Film','Guillaume Canet',7,154,'comedy, drama',2010,11678,'http://www.imdb.com/title/tt1440232/','2010-09-11'),('tt1440728','The American','Feature Film','Anton Corbijn',6.4,105,'crime, drama, thriller',2010,61984,'http://www.imdb.com/title/tt1440728/','2010-09-01'),('tt1441940','Broken','Feature Film','Rufus Norris',7.1,91,'drama',2012,4218,'http://www.imdb.com/title/tt1441940/','2012-05-17'),('tt1446192','Rise of the Guardians','Feature Film','Peter Ramsey',7.2,97,'animation, adventure, family, fantasy',2012,63943,'http://www.imdb.com/title/tt1446192/','2012-10-10'),('tt1446714','Prometheus','Feature Film','Ridley Scott',7.1,124,'adventure, mystery, sci_fi',2012,308640,'http://www.imdb.com/title/tt1446714/','2012-05-30'),('tt1448755','Killer Elite','Feature Film','Gary McKendry',6.4,116,'action, crime, thriller',2011,76906,'http://www.imdb.com/title/tt1448755/','2011-09-10'),('tt1453405','Monsters University','Feature Film','Dan Scanlon',7.5,104,'animation, adventure, comedy, family, fantasy',2013,61396,'http://www.imdb.com/title/tt1453405/','2013-06-08'),('tt1454468','Gravity','Feature Film','Alfonso Cuarón',8.7,91,'drama, sci_fi, thriller',2013,36303,'http://www.imdb.com/title/tt1454468/','2013-08-28'),('tt1458175','The Next Three Days','Feature Film','Paul Haggis',7.3,133,'crime, drama, romance, thriller',2010,105687,'http://www.imdb.com/title/tt1458175/','2010-11-09'),('tt1462758','Buried','Feature Film','Rodrigo Cortés',7,95,'drama, mystery, thriller',2010,88357,'http://www.imdb.com/title/tt1462758/','2010-01-23'),('tt1464540','I Am Number Four','Feature Film','D.J. Caruso',6,109,'drama, romance, sci_fi, thriller',2011,137861,'http://www.imdb.com/title/tt1464540/','2011-02-17'),('tt1478338','Bridesmaids','Feature Film','Paul Feig',6.8,125,'comedy, romance',2011,153690,'http://www.imdb.com/title/tt1478338/','2011-04-28'),('tt1481572','Happythankyoumoreplease','Feature Film','Josh Radnor',6.7,100,'comedy, drama, romance',2010,19014,'http://www.imdb.com/title/tt1481572/','2010-01-20'),('tt1482459','The Lorax','Feature Film','Chris Renaud, Kyle Balda',6.3,86,'animation, comedy, family, fantasy',2012,52747,'http://www.imdb.com/title/tt1482459/','2012-03-01'),('tt1483013','Oblivion','Feature Film','Joseph Kosinski',7,124,'action, adventure, mystery, sci_fi',2013,182020,'http://www.imdb.com/title/tt1483013/','2013-04-10'),('tt1486192','The Raven','Feature Film','James McTeigue',6.3,110,'crime, mystery, thriller',2012,54085,'http://www.imdb.com/title/tt1486192/','2012-03-09'),('tt1488555','The Change-Up','Feature Film','David Dobkin',6.3,112,'comedy',2011,99170,'http://www.imdb.com/title/tt1488555/','2011-08-05'),('tt1499658','Horrible Bosses','Feature Film','Seth Gordon',6.9,98,'comedy, crime',2011,230294,'http://www.imdb.com/title/tt1499658/','2011-07-08'),('tt1502404','Drive Angry','Feature Film','Patrick Lussier',5.5,104,'action, crime, fantasy, thriller',2011,64057,'http://www.imdb.com/title/tt1502404/','2011-02-24'),('tt1504320','The Kings Speech','Feature Film','Tom Hooper',8.1,118,'biography, drama, history',2010,287963,'http://www.imdb.com/title/tt1504320/','2010-09-06'),('tt1509767','The Three Musketeers','Feature Film','Paul W.S. Anderson',5.7,110,'action, adventure, comedy, romance',2011,63160,'http://www.imdb.com/title/tt1509767/','2011-09-01'),('tt1515091','Sherlock Holmes: A Game of Shadows','Feature Film','Guy Ritchie',7.4,129,'action, adventure, crime, mystery, thriller',2011,219914,'http://www.imdb.com/title/tt1515091/','2011-12-10'),('tt1520211','The Walking Dead','TV Series','',8.7,45,'adventure, drama, horror, thriller',2010,304746,'http://www.imdb.com/title/tt1520211/','2010-10-31'),('tt1524137','Contraband','Feature Film','Baltasar Kormákur',6.4,109,'action, crime, drama, thriller',2012,73153,'http://www.imdb.com/title/tt1524137/','2012-01-12'),('tt1533084','The Traveler','Feature Film','Michael Oblowitz',4,96,'horror, thriller',2010,2888,'http://www.imdb.com/title/tt1533084/','0000-00-00'),('tt1533395','Life','TV Series','',9.2,0,'documentary',2009,11450,'http://www.imdb.com/title/tt1533395/','2009-10-12'),('tt1535108','Elysium','Feature Film','Neill Blomkamp',6.9,109,'action, drama, sci_fi, thriller',2013,74224,'http://www.imdb.com/title/tt1535108/','2013-08-07'),('tt1535109','Captain Phillips','Feature Film','Paul Greengrass',8.1,134,'biography, crime, drama, thriller',2013,1052,'http://www.imdb.com/title/tt1535109/','2013-09-27'),('tt1540128','Playing for Keeps','Feature Film','Gabriele Muccino',5.5,105,'comedy, romance, sport',2012,14301,'http://www.imdb.com/title/tt1540128/','2012-12-05'),('tt1541160','Flypaper','Feature Film','Rob Minkoff',6.3,87,'comedy, crime',2011,19984,'http://www.imdb.com/title/tt1541160/','2011-01-28'),('tt1542344','127 Hours','Feature Film','Danny Boyle',7.7,94,'adventure, biography, drama, thriller',2010,193051,'http://www.imdb.com/title/tt1542344/','2010-09-04'),('tt1545759','Point Blank','Feature Film','Fred Cavayé',6.8,84,'action, crime, thriller',2010,8331,'http://www.imdb.com/title/tt1545759/','2010-11-04'),('tt1547234','Premium Rush','Feature Film','David Koepp',6.5,91,'action, crime, thriller',2012,62776,'http://www.imdb.com/title/tt1547234/','2012-08-23'),('tt1549920','The Last Stand','Feature Film','Kim Jee-Woon',6.4,107,'action, crime, thriller',2013,62856,'http://www.imdb.com/title/tt1549920/','2013-01-12'),('tt1555149','Elite Squad: The Enemy Within','Feature Film','José Padilha',8,115,'action, crime, drama, thriller',2010,40164,'http://www.imdb.com/title/tt1555149/','2010-10-08'),('tt1560747','The Master','Feature Film','Paul Thomas Anderson',7.1,144,'drama',2012,57359,'http://www.imdb.com/title/tt1560747/','2012-09-01'),('tt1563738','One Day','Feature Film','Lone Scherfig',6.8,107,'drama, romance',2011,60982,'http://www.imdb.com/title/tt1563738/','2011-08-08'),('tt1564367','Just Go with It','Feature Film','Dennis Dugan',6.3,117,'comedy, romance',2011,113709,'http://www.imdb.com/title/tt1564367/','2011-02-08'),('tt1564585','Skyline','Feature Film','The Brothers Strause, The Brothers Strause',4.4,94,'action, sci_fi, thriller',2010,62066,'http://www.imdb.com/title/tt1564585/','2010-11-11'),('tt1567609','Get the Gringo','Feature Film','Adrian Grünberg',7,96,'action, crime, drama, thriller',2012,57438,'http://www.imdb.com/title/tt1567609/','2012-03-15'),('tt1568338','Man on a Ledge','Feature Film','Asger Leth',6.5,102,'action, crime, thriller',2012,85711,'http://www.imdb.com/title/tt1568338/','2012-01-26'),('tt1568346','The Girl with the Dragon Tattoo','Feature Film','David Fincher',7.8,158,'crime, drama, mystery, thriller',2011,220752,'http://www.imdb.com/title/tt1568346/','2011-12-12'),('tt1568911','War Horse','Feature Film','Steven Spielberg',7.1,146,'drama, war',2011,79574,'http://www.imdb.com/title/tt1568911/','2011-12-04'),('tt1570728','Crazy, Stupid, Love.','Feature Film','Glenn Ficarra, John Requa',7.4,118,'comedy, drama, romance',2011,238782,'http://www.imdb.com/title/tt1570728/','2011-07-28'),('tt1571222','A Dangerous Method','Feature Film','David Cronenberg',6.4,99,'biography, drama, thriller',2011,56453,'http://www.imdb.com/title/tt1571222/','2011-09-02'),('tt1582248','Puncture','Feature Film','Adam Kassen, Mark Kassen',6.8,100,'drama',2011,13784,'http://www.imdb.com/title/tt1582248/','2011-04-21'),('tt1583421','G.I. Joe: Retaliation','Feature Film','Jon M. Chu',5.8,110,'action, adventure, sci_fi, thriller',2013,85507,'http://www.imdb.com/title/tt1583421/','2013-03-11'),('tt1586752','Machine Gun Preacher','Feature Film','Marc Forster',6.7,129,'action, biography, crime, drama',2011,36669,'http://www.imdb.com/title/tt1586752/','2011-09-11'),('tt1588173','Warm Bodies','Feature Film','Jonathan Levine',6.9,98,'comedy, horror, romance',2013,101585,'http://www.imdb.com/title/tt1588173/','2013-01-16'),('tt1588334','Jeff, Who Lives at Home','Feature Film','Jay Duplass, Mark Duplass',6.5,83,'comedy, drama',2011,41341,'http://www.imdb.com/title/tt1588334/','2011-09-14'),('tt1591095','Insidious','Feature Film','James Wan',6.7,103,'horror, thriller',2010,104651,'http://www.imdb.com/title/tt1591095/','2010-09-14'),('tt1592521','Cousinhood','Feature Film','Daniel Sánchez Arévalo',6.4,98,'comedy',2011,1688,'http://www.imdb.com/title/tt1592521/','2011-01-13'),('tt1592525','Lockout','Feature Film','James Mather, Stephen Saint Leger',6,95,'action, sci_fi, thriller',2012,61547,'http://www.imdb.com/title/tt1592525/','2012-02-22'),('tt1596350','This Means War','Feature Film','McG',6.2,97,'comedy, action, romance',2012,97867,'http://www.imdb.com/title/tt1596350/','2012-02-14'),('tt1598778','Contagion','Feature Film','Steven Soderbergh',6.7,106,'drama, sci_fi, thriller',2011,136810,'http://www.imdb.com/title/tt1598778/','2011-09-03'),('tt1599348','Safe House','Feature Film','Daniel Espinosa',6.7,115,'action, crime, mystery, thriller',2012,115937,'http://www.imdb.com/title/tt1599348/','2012-02-07'),('tt1601913','The Grey','Feature Film','Joe Carnahan',6.8,117,'action, adventure, drama, thriller',2011,142027,'http://www.imdb.com/title/tt1601913/','2011-12-11'),('tt1605630','American Reunion','Feature Film','Jon Hurwitz, Hayden Schlossberg',6.7,113,'comedy',2012,125299,'http://www.imdb.com/title/tt1605630/','2012-04-04'),('tt1605783','Midnight in Paris','Feature Film','Woody Allen',7.7,94,'comedy, fantasy, romance',2011,194101,'http://www.imdb.com/title/tt1605783/','2011-05-11'),('tt1606378','A Good Day to Die Hard','Feature Film','John Moore',5.3,98,'action, crime, thriller',2013,102928,'http://www.imdb.com/title/tt1606378/','2013-02-07'),('tt1606389','The Vow','Feature Film','Michael Sucsy',6.7,104,'drama, romance',2012,78494,'http://www.imdb.com/title/tt1606389/','2012-02-09'),('tt1606392','Win Win','Feature Film','Thomas McCarthy',7.2,106,'comedy, drama, sport',2011,36987,'http://www.imdb.com/title/tt1606392/','2011-01-21'),('tt1613750','Kon-Tiki','Feature Film','Joachim Rønning, Espen Sandberg',7.2,118,'adventure, history',2012,17632,'http://www.imdb.com/title/tt1613750/','2012-08-18'),('tt1615065','Savages','Feature Film','Oliver Stone',6.5,131,'crime, drama, thriller',2012,73045,'http://www.imdb.com/title/tt1615065/','2012-06-25'),('tt1615147','Margin Call','Feature Film','J.C. Chandor',7.1,107,'drama, thriller',2011,59704,'http://www.imdb.com/title/tt1615147/','2011-01-25'),('tt1616195','J. Edgar','Feature Film','Clint Eastwood',6.6,137,'biography, crime, drama, history',2011,71694,'http://www.imdb.com/title/tt1616195/','2011-11-03'),('tt1622547','30 Minutes or Less','Feature Film','Ruben Fleischer',6.1,83,'action, comedy, crime',2011,59824,'http://www.imdb.com/title/tt1622547/','2011-08-12'),('tt1623205','Oz the Great and Powerful','Feature Film','Sam Raimi',6.5,130,'adventure, family, fantasy',2013,112075,'http://www.imdb.com/title/tt1623205/','2013-02-14'),('tt1625346','Young Adult','Feature Film','Jason Reitman',6.4,94,'comedy, drama',2011,50331,'http://www.imdb.com/title/tt1625346/','2011-12-09'),('tt1632708','Friends with Benefits','Feature Film','Will Gluck',6.5,109,'comedy, romance',2011,160687,'http://www.imdb.com/title/tt1632708/','2011-07-22'),('tt1634122','Johnny English Reborn','Feature Film','Oliver Parker',6.1,101,'adventure, comedy, crime',2011,64158,'http://www.imdb.com/title/tt1634122/','2011-09-15'),('tt1636826','Project X','Feature Film','Nima Nourizadeh',6.5,88,'comedy, crime',2012,108430,'http://www.imdb.com/title/tt1636826/','2012-03-01'),('tt1637688','In Time','Feature Film','Andrew Niccol',6.6,109,'action, sci_fi, thriller',2011,182490,'http://www.imdb.com/title/tt1637688/','2011-10-26'),('tt1637706','Our Idiot Brother','Feature Film','Jesse Peretz',6.4,90,'comedy, drama',2011,57144,'http://www.imdb.com/title/tt1637706/','2011-01-22'),('tt1637725','Ted','Feature Film','Seth MacFarlane',7,106,'comedy, fantasy',2012,284166,'http://www.imdb.com/title/tt1637725/','2012-06-29'),('tt1639426','Udaan','Feature Film','Vikramaditya Motwane',7.9,134,'drama',2010,14614,'http://www.imdb.com/title/tt1639426/','2010-05-19'),('tt1641638','The Legend Is Born: Ip Man','Feature Film','Herman Yau',7,100,'action, biography, drama, history, sport',2010,16194,'http://www.imdb.com/title/tt1641638/','2010-06-24'),('tt1645170','The Dictator','Feature Film','Larry Charles',6.4,83,'comedy',2012,145132,'http://www.imdb.com/title/tt1645170/','2012-05-16'),('tt1646987','Wrath of the Titans','Feature Film','Jonathan Liebesman',5.7,99,'action, adventure, fantasy',2012,107490,'http://www.imdb.com/title/tt1646987/','2012-03-28'),('tt1648179','Here Comes the Boom','Feature Film','Frank Coraci',6.4,105,'action, comedy',2012,46212,'http://www.imdb.com/title/tt1648179/','2012-10-10'),('tt1649419','The Impossible','Feature Film','J.A. Bayona',7.5,114,'drama, history, thriller',2012,88642,'http://www.imdb.com/title/tt1649419/','2012-09-09'),('tt1650062','Super 8','Feature Film','J.J. Abrams',7.1,112,'mystery, sci_fi, thriller',2011,201546,'http://www.imdb.com/title/tt1650062/','2011-06-09'),('tt1655420','My Week with Marilyn','Feature Film','Simon Curtis',7,99,'biography, drama',2011,53104,'http://www.imdb.com/title/tt1655420/','2011-10-09'),('tt1655442','The Artist','Feature Film','Michel Hazanavicius',8,100,'comedy, drama, romance',2011,132751,'http://www.imdb.com/title/tt1655442/','2011-05-15'),('tt1655460','Wanderlust','Feature Film','David Wain',5.6,98,'comedy',2012,45384,'http://www.imdb.com/title/tt1655460/','2012-02-24'),('tt1656190','Safe','Feature Film','Boaz Yakin',6.5,94,'action, crime, thriller',2012,52308,'http://www.imdb.com/title/tt1656190/','2012-04-16'),('tt1656192','Special Forces','Feature Film','Stéphane Rybojad',6.1,109,'action, drama, war',2011,10144,'http://www.imdb.com/title/tt1656192/','2011-11-02'),('tt1659337','The Perks of Being a Wallflower','Feature Film','Stephen Chbosky',8,102,'drama, romance',2012,173782,'http://www.imdb.com/title/tt1659337/','2012-09-08'),('tt1661420','Polisse','Feature Film','Maïwenn',7.1,127,'crime, drama',2011,7150,'http://www.imdb.com/title/tt1661420/','2011-05-13'),('tt1663662','Pacific Rim','Feature Film','Guillermo del Toro',7.3,131,'action, adventure, sci_fi',2013,122833,'http://www.imdb.com/title/tt1663662/','2013-07-02'),('tt1667310','Deadfall','Feature Film','Stefan Ruzowitzky',6.2,95,'crime, drama, thriller',2012,20173,'http://www.imdb.com/title/tt1667310/','2012-04-22'),('tt1667353','Mirror Mirror','Feature Film','Tarsem Singh Dhandwar',5.5,106,'adventure, comedy, drama, family, fantasy',2012,49215,'http://www.imdb.com/title/tt1667353/','2012-03-15'),('tt1667889','Ice Age: Continental Drift','Feature Film','Steve Martino, Michael Thurmeier',6.6,88,'animation, adventure, comedy, family',2012,84338,'http://www.imdb.com/title/tt1667889/','2012-06-26'),('tt1670345','Now You See Me','Feature Film','Louis Leterrier',7.3,115,'crime, mystery, thriller',2013,167976,'http://www.imdb.com/title/tt1670345/','2013-05-21'),('tt1673434','The Twilight Saga: Breaking Dawn - Part 2','Feature Film','Bill Condon',5.5,115,'adventure, drama, fantasy, romance',2012,119101,'http://www.imdb.com/title/tt1673434/','2012-11-14'),('tt1674057','All Together','Feature Film','Stéphane Robelin',6.4,96,'comedy, drama',2011,1300,'http://www.imdb.com/title/tt1674057/','2011-08-13'),('tt1675434','The Intouchables','Feature Film','Olivier Nakache, Eric Toledano',8.5,112,'biography, comedy, drama',2011,223020,'http://www.imdb.com/title/tt1675434/','2011-09-23'),('tt1683526','Detachment','Feature Film','Tony Kaye',7.6,97,'drama',2011,31934,'http://www.imdb.com/title/tt1683526/','2011-04-25'),('tt1690953','Despicable Me 2','Feature Film','Pierre Coffin, Chris Renaud',7.7,98,'animation, adventure, comedy, crime, family, ',2013,80267,'http://www.imdb.com/title/tt1690953/','2013-06-16'),('tt1692486','Carnage','Feature Film','Roman Polanski',7.1,80,'comedy, drama',2011,66865,'http://www.imdb.com/title/tt1692486/','2011-09-01'),('tt1694020','The Guilt Trip','Feature Film','Anne Fletcher',5.7,95,'comedy',2012,16179,'http://www.imdb.com/title/tt1694020/','2012-12-19'),('tt1707386','Les Misérables','Feature Film','Tom Hooper',7.6,158,'drama, musical, romance',2012,154339,'http://www.imdb.com/title/tt1707386/','2012-12-05'),('tt1715873','10 Years','Feature Film','Jamie Linden',6,100,'comedy, drama, romance',2011,10246,'http://www.imdb.com/title/tt1715873/','0000-00-00'),('tt1716772','The Inbetweeners Movie','Feature Film','Ben Palmer',6.7,97,'comedy',2011,40587,'http://www.imdb.com/title/tt1716772/','2011-08-17'),('tt1720616','Friends with Kids','Feature Film','Jennifer Westfeldt',6.1,107,'comedy, drama, romance',2011,26870,'http://www.imdb.com/title/tt1720616/','2011-09-09'),('tt1723121','Were the Millers','Feature Film','Rawson Marshall Thurber',7.2,110,'comedy, crime',2013,56707,'http://www.imdb.com/title/tt1723121/','2013-08-03'),('tt1735898','Snow White and the Huntsman','Feature Film','Rupert Sanders',6.1,127,'adventure, drama, fantasy',2012,157915,'http://www.imdb.com/title/tt1735898/','2012-05-30'),('tt1748122','Moonrise Kingdom','Feature Film','Wes Anderson',7.8,94,'comedy, drama, romance',2012,136251,'http://www.imdb.com/title/tt1748122/','2012-05-16'),('tt1753496','Resident Evil: Damnation','Feature Film','Makoto Kamiya',6.3,100,'animation, action, horror, sci_fi, thriller',2012,9625,'http://www.imdb.com/title/tt1753496/','2012-09-24'),('tt1753813','Farewell, My Queen','Feature Film','Benoît Jacquot',6.2,100,'history, drama',2012,3421,'http://www.imdb.com/title/tt1753813/','2012-02-09'),('tt1758830','This Is 40','Feature Film','Judd Apatow',6.2,134,'comedy',2012,63450,'http://www.imdb.com/title/tt1758830/','2012-12-20'),('tt1764183','Arbitrage','Feature Film','Nicholas Jarecki',6.6,107,'drama, thriller',2012,26996,'http://www.imdb.com/title/tt1764183/','2012-01-21'),('tt1764234','Killing Them Softly','Feature Film','Andrew Dominik',6.3,97,'crime, thriller',2012,74834,'http://www.imdb.com/title/tt1764234/','2012-05-22'),('tt1764651','The Expendables 2','Feature Film','Simon West',6.7,103,'action, adventure, thriller',2012,157923,'http://www.imdb.com/title/tt1764651/','2012-08-08'),('tt1772341','Wreck-It Ralph','Feature Film','Rich Moore',7.8,108,'animation, adventure, comedy, family',2012,138433,'http://www.imdb.com/title/tt1772341/','2012-11-01'),('tt1772424','Where Do We Go Now?','Feature Film','Nadine Labaki',7,110,'comedy, drama',2011,5110,'http://www.imdb.com/title/tt1772424/','2011-05-16'),('tt1790885','Zero Dark Thirty','Feature Film','Kathryn Bigelow',7.4,157,'drama, history, thriller',2012,136492,'http://www.imdb.com/title/tt1790885/','2012-12-19'),('tt1790886','The Campaign','Feature Film','Jay Roach',6.1,85,'comedy',2012,71611,'http://www.imdb.com/title/tt1790886/','2012-08-04'),('tt1797348','7 Days in Havana','Feature Film','Laurent Cantet, Benicio Del Toro',5.6,129,'drama',2012,1759,'http://www.imdb.com/title/tt1797348/','2012-05-23'),('tt1808240','As Luck Would Have It','Feature Film','Alex de la Iglesia',5.9,0,'drama',2011,1139,'http://www.imdb.com/title/tt1808240/','2011-11-30'),('tt1815862','After Earth','Feature Film','M. Night Shyamalan',4.9,100,'action, adventure, sci_fi',2013,62756,'http://www.imdb.com/title/tt1815862/','2013-05-01'),('tt1817273','The Place Beyond the Pines','Feature Film','Derek Cianfrance',7.4,140,'crime, drama',2012,86059,'http://www.imdb.com/title/tt1817273/','2012-09-07'),('tt1839492','Ruby Sparks','Feature Film','Jonathan Dayton, Valerie Faris',7.1,104,'comedy, drama, fantasy, romance',2012,43490,'http://www.imdb.com/title/tt1839492/','2012-07-25'),('tt1840417','The Words','Feature Film','Brian Klugman, Lee Sternthal',6.9,102,'drama, mystery, romance',2012,33915,'http://www.imdb.com/title/tt1840417/','2012-01-27'),('tt1853728','Django Unchained','Feature Film','Quentin Tarantino',8.5,165,'adventure, drama, western',2012,449933,'http://www.imdb.com/title/tt1853728/','2012-12-25'),('tt1855199','End of Watch','Feature Film','David Ayer',7.6,109,'crime, drama, thriller',2012,108946,'http://www.imdb.com/title/tt1855199/','2012-09-08'),('tt1859650','To Rome with Love','Feature Film','Woody Allen',6.3,112,'comedy, romance',2012,42009,'http://www.imdb.com/title/tt1859650/','2012-04-20'),('tt1861334','Fuga de cerebros 2','Feature Film','Carlos Therón',4.3,0,'comedy, romance',2011,444,'http://www.imdb.com/title/tt1861334/','2011-11-24'),('tt1862079','Safety Not Guaranteed','Feature Film','Colin Trevorrow',7.1,86,'comedy, drama, romance, sci_fi',2012,55966,'http://www.imdb.com/title/tt1862079/','2012-01-22'),('tt1872818','Liberal Arts','Feature Film','Josh Radnor',6.6,97,'comedy, drama',2012,14236,'http://www.imdb.com/title/tt1872818/','2012-01-22'),('tt1886493','Catch .44','Feature Film','Aaron Harvey',4.6,94,'action, drama, thriller',2011,11623,'http://www.imdb.com/title/tt1886493/','2011-12-09'),('tt1899353','The Raid: Redemption','Feature Film','Gareth Huw Evans',7.5,101,'action, crime, thriller',2011,77738,'http://www.imdb.com/title/tt1899353/','2011-09-08'),('tt1904996','Parker','Feature Film','Taylor Hackford',6.1,118,'action, crime, thriller',2013,47695,'http://www.imdb.com/title/tt1904996/','2013-01-18'),('tt1905041','Fast & Furious 6','Feature Film','Justin Lin',7.2,130,'action, crime, thriller',2013,146068,'http://www.imdb.com/title/tt1905041/','2013-05-07'),('tt1907668','Flight','Feature Film','Robert Zemeckis',7.3,138,'drama, thriller',2012,151148,'http://www.imdb.com/title/tt1907668/','2012-10-14'),('tt1911644','The Call','Feature Film','Brad Anderson',6.6,94,'crime, thriller',2013,43401,'http://www.imdb.com/title/tt1911644/','2013-03-14'),('tt1912398','God Bless America','Feature Film','Bobcat Goldthwait',7.2,105,'comedy, crime',2011,44214,'http://www.imdb.com/title/tt1912398/','2011-09-09'),('tt1915581','Magic Mike','Feature Film','Steven Soderbergh',6.1,110,'comedy, drama',2012,60922,'http://www.imdb.com/title/tt1915581/','2012-06-24'),('tt1924396','The Best Offer','Feature Film','Giuseppe Tornatore',7.7,131,'crime, drama, romance',2013,11024,'http://www.imdb.com/title/tt1924396/','2013-01-01'),('tt1931470','Declaration of War','Feature Film','Valérie Donzelli',6.9,100,'drama',2011,3058,'http://www.imdb.com/title/tt1931470/','2011-05-12'),('tt1931533','Seven Psychopaths','Feature Film','Martin McDonagh',7.2,110,'comedy, crime, thriller',2012,110779,'http://www.imdb.com/title/tt1931533/','2012-09-07'),('tt1935179','Mud','Feature Film','Jeff Nichols',7.5,130,'drama',2012,39958,'http://www.imdb.com/title/tt1935179/','2012-05-26'),('tt1951261','The Hangover Part III','Feature Film','Todd Phillips',5.9,100,'comedy',2013,86028,'http://www.imdb.com/title/tt1951261/','2013-05-20'),('tt1979320','Rush','Feature Film','Ron Howard',8.3,123,'action, biography, drama, sport',2013,29480,'http://www.imdb.com/title/tt1979320/','2013-09-02'),('tt1980209','Pain & Gain','Feature Film','Michael Bay',6.5,129,'comedy, crime, drama',2013,67556,'http://www.imdb.com/title/tt1980209/','2013-04-11'),('tt1987018','A Happy Event','Feature Film','Rémi Bezançon',6.3,107,'comedy, drama',2011,2017,'http://www.imdb.com/title/tt1987018/','2011-08-27'),('tt1990314','Robot & Frank','Feature Film','Jake Schreier',7,89,'comedy, crime, drama, sci_fi',2012,27028,'http://www.imdb.com/title/tt1990314/','2012-01-20'),('tt2018086','Camille Claudel 1915','Feature Film','Bruno Dumont',6.9,95,'biography, drama',2013,405,'http://www.imdb.com/title/tt2018086/','2013-02-12'),('tt2053425','Rust and Bone','Feature Film','Jacques Audiard',7.5,120,'drama, romance',2012,26303,'http://www.imdb.com/title/tt2053425/','2012-05-17'),('tt2053463','Side Effects','Feature Film','Steven Soderbergh',7.1,106,'crime, drama, thriller',2013,76236,'http://www.imdb.com/title/tt2053463/','2013-02-08'),('tt2059255','No','Feature Film','Pablo Larraín',7.4,118,'drama, history',2012,9280,'http://www.imdb.com/title/tt2059255/','2012-05-18'),('tt2066040','Piled Higher and Deeper','Feature Film','Vahe Gabuchian',6.8,67,'comedy, drama',2011,386,'http://www.imdb.com/title/tt2066040/','2011-09-22'),('tt2083383','Trouble with the Curve','Feature Film','Robert Lorenz',6.7,111,'drama, sport',2012,29426,'http://www.imdb.com/title/tt2083383/','2012-09-19'),('tt2088735','Curfew','Short Film','Shawn Christensen',7.6,19,'drama',2012,2013,'http://www.imdb.com/title/tt2088735/','0000-00-00'),('tt2091473','Promised Land','Feature Film','Gus Van Sant',6.5,106,'drama',2012,14931,'http://www.imdb.com/title/tt2091473/','2012-12-28'),('tt2097307','Hit and Run','Feature Film','David Palmer, Dax Shepard',6,100,'action, comedy, romance',2012,20061,'http://www.imdb.com/title/tt2097307/','2012-08-02'),('tt2101341','Dead Man Down','Feature Film','Niels Arden Oplev',6.5,118,'action, crime, drama, thriller',2013,29514,'http://www.imdb.com/title/tt2101341/','2013-03-08'),('tt2103264','Emperor','Feature Film','Peter Webber',6.3,105,'drama, history, war',2012,3958,'http://www.imdb.com/title/tt2103264/','2012-09-14'),('tt2106476','The Hunt','Feature Film','Thomas Vinterberg',8.2,115,'drama',2012,38809,'http://www.imdb.com/title/tt2106476/','2012-05-20'),('tt2172935','Metallica Through the Never','Feature Film','Nimród Antal',7.7,93,'action, music',2013,2246,'http://www.imdb.com/title/tt2172935/','2013-09-09'),('tt2186812','It Boy','Feature Film','David Moreau',6.4,92,'comedy',2013,1048,'http://www.imdb.com/title/tt2186812/','2013-01-19'),('tt2234155','The Internship','Feature Film','Shawn Levy',6.3,119,'comedy',2013,26141,'http://www.imdb.com/title/tt2234155/','2013-06-05'),('tt2302755','Olympus Has Fallen','Feature Film','Antoine Fuqua',6.4,120,'action, thriller',2013,99198,'http://www.imdb.com/title/tt2302755/','2013-03-20'),('tt2334879','White House Down','Feature Film','Roland Emmerich',6.3,131,'action, drama, thriller',2013,31238,'http://www.imdb.com/title/tt2334879/','2013-06-26'),('tt2340678','Partysaurus Rex','Short Film','Mark A. Walsh',7.5,7,'animation, comedy, family',2012,889,'http://www.imdb.com/title/tt2340678/','2012-09-14'),('tt2357129','Jobs','Feature Film','Joshua Michael Stern',5.6,128,'biography, drama',2013,17616,'http://www.imdb.com/title/tt2357129/','2013-01-25'),('tt2388725','Paperman','Short Film','John Kahrs',8.1,7,'animation, comedy, family, romance',2012,12563,'http://www.imdb.com/title/tt2388725/','2012-11-02'),('tt2404311','The Family','Feature Film','Luc Besson',6.5,111,'action, comedy, crime',2013,5832,'http://www.imdb.com/title/tt2404311/','2013-09-10');
/*!40000 ALTER TABLE `Films` ENABLE KEYS */;
UNLOCK TABLES;

--
-- Table structure for table `Rates`
--

DROP TABLE IF EXISTS `Rates`;
/*!40101 SET @saved_cs_client     = @@character_set_client */;
/*!40101 SET character_set_client = utf8 */;
CREATE TABLE `Rates` (
  `User_id` int(11) NOT NULL,
  `const` varchar(45) NOT NULL,
  `Rate` float NOT NULL,
  `Created` date NOT NULL,
  `Modified` date DEFAULT NULL,
  `id` int(11) NOT NULL AUTO_INCREMENT,
  PRIMARY KEY (`id`),
  UNIQUE KEY `rates_index` (`User_id`,`const`),
  KEY `user_rate_idx` (`User_id`),
  KEY `rate_film_idx` (`const`),
  CONSTRAINT `rate_film` FOREIGN KEY (`const`) REFERENCES `Films` (`const`) ON DELETE CASCADE ON UPDATE CASCADE,
  CONSTRAINT `user_rate` FOREIGN KEY (`User_id`) REFERENCES `Users` (`user_id`) ON DELETE CASCADE ON UPDATE CASCADE
) ENGINE=InnoDB AUTO_INCREMENT=1735 DEFAULT CHARSET=utf8;
/*!40101 SET character_set_client = @saved_cs_client */;

--
-- Dumping data for table `Rates`
--

LOCK TABLES `Rates` WRITE;
/*!40000 ALTER TABLE `Rates` DISABLE KEYS */;
INSERT INTO `Rates` VALUES (25521627,'tt0119217',10,'2013-10-13','2013-10-13',1),(25521627,'tt0903747',10,'2013-10-06','2013-10-06',2),(25521627,'tt1663662',4,'2013-10-04','2013-10-04',3),(25521627,'tt0454848',8,'2013-09-29','2013-09-29',4),(25521627,'tt0082094',5,'2013-09-25','2013-09-25',5),(25521627,'tt1951261',7,'2013-09-21','2013-09-21',6),(25521627,'tt1433811',8,'2013-09-21','2013-09-21',7),(25521627,'tt0246578',10,'2013-09-15','2013-09-15',8),(25521627,'tt0371746',10,'2013-09-15','2013-09-15',9),(25521627,'tt0087843',9,'2013-09-15','2013-09-15',10),(25521627,'tt0881320',8,'2013-09-14','2013-09-14',11),(25521627,'tt1220719',8,'2013-09-07','2013-09-07',12),(25521627,'tt1533084',1,'2013-09-01','2013-09-01',13),(25521627,'tt0112681',8,'2013-09-01','2013-09-01',14),(25521627,'tt0385700',8,'2013-09-01','2013-09-01',15),(25521627,'tt1535108',7,'2013-09-01','2013-09-01',16),(25521627,'tt1408101',7,'2013-09-01','2013-09-01',17),(25521627,'tt1905041',7,'2013-09-01','2013-09-01',18),(25521627,'tt0770828',8,'2013-09-01','2013-09-01',19),(25521627,'tt1483013',6,'2013-09-01','2013-09-01',20),(25521627,'tt1201607',9,'2013-09-01','2013-09-01',21),(25521627,'tt0499549',8,'2013-09-01','2013-09-01',22),(25521627,'tt0443272',9,'2013-09-01','2013-09-01',23),(25521627,'tt1212450',9,'2013-09-01','2013-09-01',24),(25521627,'tt1074638',7,'2013-09-01','2013-09-01',25),(25521627,'tt1911644',6,'2013-09-01','2013-09-01',26),(25521627,'tt0093058',9,'2013-09-01','2013-09-01',27),(25521627,'tt1650062',8,'2013-09-01','2013-09-01',28),(25521627,'tt1351685',6,'2013-09-01','2013-09-01',29),(25521627,'tt1931533',8,'2013-09-01','2013-09-01',30),(25521627,'tt1549920',6,'2013-09-01','2013-09-01',31),(25521627,'tt0840361',7,'2013-09-01','2013-09-01',32),(25521627,'tt1386703',5,'2013-09-01','2013-09-01',33),(25521627,'tt0425112',7,'2013-09-01','2013-09-01',34),(25521627,'tt1440129',7,'2013-09-01','2013-09-01',35),(25521627,'tt0379786',6,'2013-09-01','2013-09-01',36),(25521627,'tt1764234',7,'2013-09-01','2013-09-01',37),(25521627,'tt0213149',8,'2013-09-01','2013-09-01',38),(25521627,'tt0159365',7,'2013-09-01','2013-09-01',39),(25521627,'tt0162222',9,'2013-09-01','2013-09-01',40),(25521627,'tt1601913',7,'2013-09-01','2013-09-01',41),(25521627,'tt1188729',8,'2013-09-01','2013-09-01',42),(25521627,'tt1318514',8,'2013-09-01','2013-09-01',43),(25521627,'tt1899353',8,'2013-09-01','2013-09-01',44),(25521627,'tt0117500',8,'2013-09-01','2013-09-01',45),(25521627,'tt0449467',10,'2013-09-01','2013-09-01',46),(25521627,'tt0325710',8,'2013-09-01','2013-09-01',47),(25521627,'tt0118971',9,'2013-09-01','2013-09-01',48),(25521627,'tt0104257',8,'2013-09-01','2013-09-01',49),(25521627,'tt0399146',8,'2013-09-01','2013-09-01',50),(25521627,'tt0138704',9,'2013-09-01','2013-09-01',51),(25521627,'tt0963178',6,'2013-09-01','2013-09-01',52),(25521627,'tt0418689',9,'2013-09-01','2013-09-01',53),(25521627,'tt0120102',8,'2013-09-01','2013-09-01',54),(25521627,'tt0924129',7,'2013-09-01','2013-09-01',55),(25521627,'tt0390195',6,'2013-09-01','2013-09-01',56),(25521627,'tt1343092',9,'2013-08-31','2013-08-31',57),(25521627,'tt0816711',10,'2013-08-31','2013-08-31',58),(25521627,'tt0316356',10,'2013-08-26','2013-08-26',59),(25521627,'tt0381061',9,'2013-08-22','2013-08-22',60),(25521627,'tt0114898',9,'2013-08-20','2013-08-20',61),(25521627,'tt0090605',10,'2013-08-19','2013-08-19',62),(25521627,'tt0139654',10,'2013-08-19','2013-08-19',63),(25521627,'tt0113568',9,'2013-08-17','2013-08-17',64),(25521627,'tt1649419',10,'2013-08-17','2013-08-17',65),(25521627,'tt0361862',9,'2013-08-11','2013-08-11',66),(25521627,'tt1855199',10,'2013-08-10','2013-08-10',67),(25521627,'tt0099348',10,'2013-08-10','2013-08-10',68),(25521627,'tt0301357',9,'2013-08-09','2013-08-09',69),(25521627,'tt0257360',10,'2013-08-09','2013-08-09',70),(25521627,'tt1458175',10,'2013-08-08','2013-08-08',71),(25521627,'tt0071315',9,'2013-08-08','2013-08-08',72),(25521627,'tt0088247',9,'2013-08-06','2013-08-06',73),(25521627,'tt0206634',9,'2013-08-05','2013-08-05',74),(25521627,'tt0119177',9,'2013-07-27','2013-07-27',75),(25521627,'tt0258463',10,'2013-07-20','2013-07-20',76),(25521627,'tt0440963',10,'2013-07-20','2013-07-20',77),(25521627,'tt0372183',10,'2013-07-20','2013-07-20',78),(25521627,'tt1285016',9,'2013-07-10','2013-07-10',79),(25521627,'tt0117951',9,'2013-07-10','2013-07-10',80),(25521627,'tt1817273',8,'2013-07-07','2013-07-07',81),(25521627,'tt0780504',9,'2013-07-07','2013-07-07',82),(25521627,'tt0338013',9,'2013-07-07','2013-07-07',83),(25521627,'tt0449059',9,'2013-07-07','2013-07-07',84),(25521627,'tt0118715',10,'2013-07-06','2013-07-06',85),(25521627,'tt0418279',10,'2013-07-06','2013-07-06',86),(25521627,'tt0180093',10,'2013-07-01','2013-07-01',87),(25521627,'tt1675434',10,'2013-06-27','2013-06-27',88),(25521627,'tt0082096',10,'2013-06-19','2013-06-19',89),(25521627,'tt0434409',10,'2013-06-16','2013-06-16',90),(25521627,'tt0123755',8,'2013-06-16','2013-06-16',91),(25521627,'tt0079417',9,'2013-06-16','2013-06-16',92),(25521627,'tt0088763',9,'2013-06-15','2013-06-15',93),(25521627,'tt0062622',9,'2013-06-15','2013-06-15',94),(25521627,'tt0107290',10,'2013-06-15','2013-06-15',95),(25521627,'tt1182345',8,'2013-06-15','2013-06-15',96),(25521627,'tt0120382',10,'2013-06-15','2013-06-15',97),(25521627,'tt0084787',10,'2013-06-15','2013-06-15',98),(25521627,'tt0114746',10,'2013-06-15','2013-06-15',99),(25521627,'tt0129167',8,'2013-06-15','2013-06-15',100),(25521627,'tt0106966',9,'2013-06-14','2013-06-14',101),(25521627,'tt1446714',8,'2013-06-11','2013-06-11',102),(25521627,'tt0936501',9,'2013-06-11','2013-06-11',103),(25521627,'tt0955308',7,'2013-06-11','2013-06-11',104),(25521627,'tt0324554',9,'2013-06-10','2013-06-10',105),(25521627,'tt0361748',10,'2013-06-09','2013-06-09',106),(25521627,'tt0137523',10,'2013-06-09','2013-06-09',107),(25521627,'tt0081505',10,'2013-06-09','2013-06-09',108),(25521627,'tt0169547',10,'2013-06-09','2013-06-09',109),(25521627,'tt0401792',9,'2013-06-09','2013-06-09',110),(25521627,'tt0133093',10,'2013-06-09','2013-06-09',111),(25521627,'tt0099685',10,'2013-06-09','2013-06-09',112),(25521627,'tt0482571',9,'2013-06-09','2013-06-09',113),(25521627,'tt0071562',10,'2013-06-09','2013-06-09',114),(25521627,'tt0083658',10,'2013-06-09','2013-06-09',115),(25521627,'tt0120586',10,'2013-06-09','2013-06-09',116),(25521627,'tt0172495',10,'2013-06-09','2013-06-09',117),(25521627,'tt0477348',10,'2013-06-09','2013-06-09',118),(25521627,'tt0105236',10,'2013-06-09','2013-06-09',119),(25521627,'tt0317248',10,'2013-06-09','2013-06-09',120),(25521627,'tt0167260',10,'2013-06-09','2013-06-09',121),(25521627,'tt0113277',9,'2013-06-09','2013-06-09',122),(25521627,'tt0209144',10,'2013-06-09','2013-06-09',123),(25521627,'tt0208092',9,'2013-06-09','2013-06-09',124),(25521627,'tt0073486',10,'2013-06-09','2013-06-09',125),(25521627,'tt0060196',10,'2013-06-09','2013-06-09',126),(25521627,'tt0120689',10,'2013-06-09','2013-06-09',127),(25521627,'tt0103064',10,'2013-06-09','2013-06-09',128),(25521627,'tt0167261',10,'2013-06-09','2013-06-09',129),(25521627,'tt0167404',10,'2013-06-09','2013-06-09',130),(25521627,'tt0082971',10,'2013-06-09','2013-06-09',131),(25521627,'tt0075314',10,'2013-06-09','2013-06-09',132),(25521627,'tt1049413',9,'2013-06-09','2013-06-09',133),(25521627,'tt0211915',10,'2013-06-09','2013-06-09',134),(25521627,'tt0095016',9,'2013-06-09','2013-06-09',135),(25521627,'tt0105695',9,'2013-06-09','2013-06-09',136),(25521627,'tt0910970',9,'2013-06-09','2013-06-09',137),(25521627,'tt0945513',9,'2013-06-01','2013-06-01',138),(25521627,'tt0448157',7,'2013-05-26','2013-05-26',139),(25521627,'tt1152836',9,'2013-05-26','2013-05-26',140),(25521627,'tt0104691',10,'2013-05-26','2013-05-26',141),(25521627,'tt0369339',9,'2013-05-26','2013-05-26',142),(25521627,'tt0431197',9,'2013-05-26','2013-05-26',143),(25521627,'tt0314331',10,'2013-05-18','2013-05-18',144),(25521627,'tt0216651',9,'2013-05-10','2013-05-10',145),(25521627,'tt0278504',8,'2013-05-05','2013-05-05',146),(25521627,'tt1300854',9,'2013-05-04','2013-05-04',147),(25521627,'tt1853728',10,'2013-05-04','2013-05-04',148),(25521627,'tt0120663',9,'2013-05-04','2013-05-04',149),(25521627,'tt1707386',9,'2013-05-04','2013-05-04',150),(25521627,'tt0454876',9,'2013-05-04','2013-05-04',151),(25521627,'tt1136608',10,'2013-05-04','2013-05-04',152),(25521627,'tt0259711',8,'2013-05-04','2013-05-04',153),(25521627,'tt0443543',8,'2013-05-04','2013-05-04',154),(25521627,'tt0289879',8,'2013-05-04','2013-05-04',155),(25521627,'tt0286106',8,'2013-05-04','2013-05-04',156),(25521627,'tt0949731',5,'2013-05-04','2013-05-04',157),(25521627,'tt0448011',7,'2013-05-04','2013-05-04',158),(25521627,'tt0118884',8,'2013-05-04','2013-05-04',159),(25521627,'tt0218922',8,'2013-05-04','2013-05-04',160),(25521627,'tt0183649',8,'2013-05-04','2013-05-04',161),(25521627,'tt0441297',8,'2013-04-28','2013-04-28',162),(25521627,'tt0375679',10,'2013-04-28','2013-04-28',163),(25521627,'tt0405159',10,'2013-04-28','2013-04-28',164),(25521627,'tt0498380',10,'2013-04-28','2013-04-28',165),(25521627,'tt0094226',10,'2013-04-16','2013-04-16',166),(25521627,'tt1034303',9,'2013-04-14','2013-04-14',167),(25521627,'tt1321870',6,'2013-04-06','2013-04-06',168),(25521627,'tt0102926',10,'2013-04-03','2013-04-03',169),(25521627,'tt1615147',8,'2013-04-02','2013-04-02',170),(25521627,'tt0265086',9,'2013-04-01','2013-04-01',171),(25521627,'tt0185906',10,'2013-04-01','2013-04-01',172),(25521627,'tt0253474',9,'2013-04-01','2013-04-01',173),(25521627,'tt0091763',9,'2013-04-01','2013-04-01',174),(25521627,'tt0887912',9,'2013-04-01','2013-04-01',175),(25521627,'tt0187393',9,'2013-04-01','2013-04-01',176),(25521627,'tt0118799',10,'2013-04-01','2013-04-01',177),(25521627,'tt0215750',9,'2013-04-01','2013-04-01',178),(25521627,'tt1790885',9,'2013-03-24','2013-03-24',179),(25521627,'tt0102685',8,'2013-03-24','2013-03-24',180),(25521627,'tt0068646',10,'2013-03-03','2013-03-03',181),(25521627,'tt0110912',10,'2013-03-03','2013-03-03',182),(25521627,'tt0120737',9,'2013-03-03','2013-03-03',183),(25521627,'tt0120815',10,'2013-03-03','2013-03-03',184),(25521627,'tt1568346',9,'2013-03-03','2013-03-03',185),(25521627,'tt0114814',10,'2013-03-03','2013-03-03',186),(25521627,'tt0110413',9,'2013-03-03','2013-03-03',187),(25521627,'tt0078788',9,'2013-03-03','2013-03-03',188),(25521627,'tt0050083',9,'2013-03-03','2013-03-03',189),(25521627,'tt0112573',10,'2013-03-03','2013-03-03',190),(25521627,'tt0033467',8,'2013-03-03','2013-03-03',191),(25521627,'tt1132620',9,'2013-03-03','2013-03-03',192),(25521627,'tt1032755',8,'2013-03-02','2013-03-02',193),(25521627,'tt0848228',8,'2013-03-01','2013-03-01',194),(25521627,'tt1024648',9,'2013-03-01','2013-03-01',195),(25521627,'tt0407887',10,'2013-03-01','2013-03-01',196),(25521627,'tt1560747',8,'2013-03-01','2013-03-01',197),(25521627,'tt0114369',10,'2013-03-01','2013-03-01',198),(25521627,'tt1291584',9,'2013-03-01','2013-03-01',199),(25521627,'tt0212720',8,'2013-03-01','2013-03-01',200),(25521627,'tt0119488',9,'2013-03-01','2013-03-01',201),(25521627,'tt0290334',7,'2013-03-01','2013-03-01',202),(25521627,'tt0103644',8,'2013-03-01','2013-03-01',203),(25521627,'tt0986263',6,'2013-03-01','2013-03-01',204),(25521627,'tt0780653',6,'2013-03-01','2013-03-01',205),(25521627,'tt0203019',8,'2013-03-01','2013-03-01',206),(25521627,'tt0216216',6,'2013-03-01','2013-03-01',207),(25521627,'tt0401729',6,'2013-02-26','2013-02-26',208),(25521627,'tt1907668',8,'2013-02-24','2013-02-24',209),(25521627,'tt0102057',7,'2013-01-30','2013-01-30',210),(25521627,'tt0293662',8,'2013-01-30','2013-01-30',211),(25521627,'tt0903624',7,'2013-01-27','2013-01-27',212),(25521627,'tt1371111',9,'2013-01-27','2013-01-27',213),(25521627,'tt1276104',7,'2013-01-27','2013-01-27',214),(25521627,'tt0078748',10,'2013-01-27','2013-01-27',215),(25521627,'tt0330373',7,'2013-01-27','2013-01-27',216),(25521627,'tt0120903',8,'2013-01-27','2013-01-27',217),(25521627,'tt0119116',7,'2013-01-27','2013-01-27',218),(25521627,'tt0119654',7,'2013-01-27','2013-01-27',219),(25521627,'tt0241303',8,'2013-01-27','2013-01-27',220),(25521627,'tt0116409',7,'2013-01-19','2013-01-19',221),(25521627,'tt0395169',9,'2013-01-19','2013-01-19',222),(25521627,'tt1228705',8,'2013-01-18','2013-01-18',223),(25521627,'tt0376994',7,'2013-01-18','2013-01-18',224),(25521627,'tt0080684',10,'2013-01-18','2013-01-18',225),(25521627,'tt0480249',8,'2013-01-18','2013-01-18',226),(25521627,'tt0120591',7,'2013-01-18','2013-01-18',227),(25521627,'tt0086190',10,'2013-01-18','2013-01-18',228),(25521627,'tt1060277',8,'2013-01-18','2013-01-18',229),(25521627,'tt0343818',8,'2013-01-18','2013-01-18',230),(25521627,'tt0242653',7,'2013-01-18','2013-01-18',231),(25521627,'tt0313542',9,'2013-01-16','2013-01-16',232),(25521627,'tt0476964',7,'2013-01-16','2013-01-16',233),(25521627,'tt0109830',10,'2013-01-16','2013-01-16',234),(25521627,'tt0241527',7,'2013-01-16','2013-01-16',235),(25521627,'tt0108052',10,'2013-01-16','2013-01-16',236),(25521627,'tt0268978',9,'2013-01-16','2013-01-16',237),(25521627,'tt0304141',8,'2013-01-16','2013-01-16',238),(25521627,'tt0878804',7,'2013-01-16','2013-01-16',239),(25521627,'tt0266697',9,'2013-01-16','2013-01-16',240),(25521627,'tt1409024',7,'2013-01-16','2013-01-16',241),(25521627,'tt0926084',9,'2013-01-16','2013-01-16',242),(25521627,'tt0295297',7,'2013-01-16','2013-01-16',243),(25521627,'tt0264464',9,'2013-01-16','2013-01-16',244),(25521627,'tt0421715',10,'2013-01-16','2013-01-16',245),(25521627,'tt0181689',9,'2013-01-16','2013-01-16',246),(25521627,'tt0450259',9,'2013-01-16','2013-01-16',247),(25521627,'tt0327056',9,'2013-01-16','2013-01-16',248),(25521627,'tt0360717',7,'2013-01-16','2013-01-16',249),(25521627,'tt0112641',9,'2013-01-16','2013-01-16',250),(25521627,'tt1645170',7,'2013-01-16','2013-01-16',251),(25521627,'tt0378194',9,'2013-01-16','2013-01-16',252),(25521627,'tt0373889',8,'2013-01-16','2013-01-16',253),(25521627,'tt0417741',8,'2013-01-16','2013-01-16',254),(25521627,'tt0482606',7,'2013-01-16','2013-01-16',255),(25521627,'tt0116209',10,'2013-01-16','2013-01-16',256),(25521627,'tt0308644',8,'2013-01-16','2013-01-16',257),(25521627,'tt0363988',7,'2013-01-16','2013-01-16',258),(25521627,'tt0181865',8,'2013-01-16','2013-01-16',259),(25521627,'tt0455824',7,'2013-01-16','2013-01-16',260),(25521627,'tt0484740',7,'2013-01-16','2013-01-16',261),(25521627,'tt0120731',8,'2013-01-08','2013-01-08',262),(25521627,'tt0489099',8,'2013-01-07','2013-01-07',263),(25521627,'tt1014762',9,'2013-01-05','2013-01-05',264),(25521627,'tt0449487',6,'2013-01-05','2013-01-05',265),(25521627,'tt0111161',10,'2013-01-05','2013-01-05',266),(25521627,'tt0468569',10,'2013-01-05','2013-01-05',267),(25521627,'tt1591095',6,'2013-01-05','2013-01-05',268),(25521627,'tt1375666',10,'2013-01-05','2013-01-05',269),(25521627,'tt1270798',7,'2013-01-05','2013-01-05',270),(25521627,'tt1194173',6,'2013-01-05','2013-01-05',271),(25521627,'tt0121765',8,'2013-01-05','2013-01-05',272),(25521627,'tt0241317',8,'2013-01-05','2013-01-05',273),(25521627,'tt0318871',9,'2012-12-21','2012-12-21',274),(25521627,'tt0884328',8,'2012-12-04','2012-12-04',275),(25521627,'tt1345836',6,'2012-11-20','2012-11-20',276),(25521627,'tt0416449',9,'2012-11-20','2012-11-20',277),(25521627,'tt0892769',8,'2012-11-20','2012-11-20',278),(25521627,'tt1520211',8,'2012-11-17','2012-11-17',279),(25521627,'tt0076759',10,'2012-10-30','2012-10-30',280),(26913496,'tt1639426',9,'2013-10-14','2013-10-14',281),(26913496,'tt2234155',7,'2013-10-14','2013-10-14',282),(26913496,'tt2334879',8,'2013-10-14','2013-10-14',283),(26913496,'tt1905041',6,'2013-10-14','2013-10-14',284),(26913496,'tt0903624',7,'2013-10-14','2013-10-14',285),(26913496,'tt1907668',9,'2013-10-14','2013-10-14',286),(26913496,'tt1911644',7,'2013-10-14','2013-10-14',287),(26913496,'tt1663662',5,'2013-10-13','2013-10-13',288),(26913496,'tt1210819',7,'2013-10-13','2013-10-13',289),(26913496,'tt0816711',10,'2013-10-13','2013-10-13',290),(26913496,'tt1980209',6,'2013-10-13','2013-10-13',291),(26913496,'tt1375666',9,'2013-10-13','2013-10-13',292),(26913496,'tt0892769',8,'2013-10-13','2013-10-13',293),(26913496,'tt1453405',7,'2013-10-12','2013-10-15',294),(26913496,'tt0790736',6,'2013-10-11','2013-10-11',295),(26913496,'tt2357129',8,'2013-09-28','2013-09-28',296),(26913496,'tt0117913',9,'2013-09-28','2013-09-28',297),(26913496,'tt2103264',8,'2013-09-11','2013-09-11',298),(26913496,'tt0317648',9,'2013-09-11','2013-09-11',299),(26913496,'tt1613750',8,'2013-09-10','2013-09-10',300),(26913496,'tt1670345',7,'2013-09-06','2013-09-06',301),(26913496,'tt1659337',9,'2013-09-06','2013-09-06',302),(26913496,'tt1656192',9,'2013-09-04','2013-10-14',303),(26913496,'tt1723121',8,'2013-09-04','2013-09-04',304),(26913496,'tt2302755',7,'2013-09-04','2013-09-04',305),(26913496,'tt0453562',9,'2013-09-04','2013-09-04',306),(26913496,'tt1213648',8,'2013-09-04','2013-09-04',307),(26913496,'tt0312004',8,'2013-09-04','2013-09-04',308),(26913496,'tt1535108',7,'2013-08-17','2013-08-17',309),(26913496,'tt0240772',9,'2013-08-17','2013-08-17',310),(26913496,'tt1023114',9,'2013-08-17','2013-08-17',311),(26913496,'tt0162222',10,'2013-08-17','2013-08-17',312),(26913496,'tt0449467',9,'2013-08-17','2013-08-17',313),(26913496,'tt0117060',9,'2013-08-17','2013-08-17',314),(26913496,'tt0472043',10,'2013-08-11','2013-08-11',315),(26913496,'tt0102798',10,'2013-08-11','2013-08-11',316),(26913496,'tt0132477',9,'2013-08-11','2013-08-11',317),(26913496,'tt0083987',10,'2013-08-07','2013-08-07',318),(26913496,'tt0844471',8,'2013-08-04','2013-08-04',319),(26913496,'tt0837562',8,'2013-08-04','2013-08-04',320),(26913496,'tt0317219',8,'2013-08-04','2013-08-04',321),(26913496,'tt0448694',5,'2013-08-04','2013-10-14',322),(26913496,'tt0307453',8,'2013-08-04','2013-08-04',323),(26913496,'tt1080016',9,'2013-08-04','2013-08-04',324),(26913496,'tt0438097',8,'2013-08-04','2013-08-04',325),(26913496,'tt0094226',9,'2013-08-01','2013-08-01',326),(26913496,'tt0110632',9,'2013-07-31','2013-07-31',327),(26913496,'tt0096697',10,'2013-07-24','2013-07-24',328),(26913496,'tt1323594',10,'2013-07-24','2013-07-24',329),(26913496,'tt0266543',9,'2013-07-24','2013-07-24',330),(26913496,'tt0110357',8,'2013-07-24','2013-07-24',331),(26913496,'tt0317705',8,'2013-07-24','2013-07-24',332),(26913496,'tt0114709',8,'2013-07-24','2013-07-24',333),(26913496,'tt0892782',8,'2013-07-24','2013-10-15',334),(26913496,'tt1192628',8,'2013-07-24','2013-07-24',335),(26913496,'tt0910970',10,'2013-07-24','2013-07-24',336),(26913496,'tt0382932',9,'2013-07-24','2013-07-24',337),(26913496,'tt0126029',8,'2013-07-24','2013-07-24',338),(26913496,'tt1001526',9,'2013-07-24','2013-07-24',339),(26913496,'tt0268380',10,'2013-07-24','2013-07-24',340),(26913496,'tt0983193',8,'2013-07-24','2013-07-24',341),(26913496,'tt0978762',10,'2013-07-24','2013-07-24',342),(26913496,'tt0379786',6,'2013-07-17','2013-07-17',343),(26913496,'tt1389096',8,'2013-07-17','2013-07-17',344),(26913496,'tt1226774',8,'2013-07-17','2013-07-17',345),(26913496,'tt0468569',9,'2013-07-16','2013-07-16',346),(26913496,'tt0133093',10,'2013-07-16','2013-07-16',347),(26913496,'tt1092026',9,'2013-07-16','2013-07-16',348),(26913496,'tt0790628',7,'2013-07-09','2013-07-09',349),(26913496,'tt0114369',10,'2013-06-20','2013-06-20',350),(26913496,'tt2101341',7,'2013-06-19','2013-06-19',351),(26913496,'tt0830515',7,'2013-06-19','2013-06-19',352),(26913496,'tt0317919',7,'2013-06-19','2013-06-19',353),(26913496,'tt1808240',8,'2013-06-15','2013-06-15',354),(26913496,'tt1817273',8,'2013-06-15','2013-06-15',355),(26913496,'tt1351685',8,'2013-06-15','2013-06-15',356),(26913496,'tt1381404',7,'2013-06-15','2013-06-15',357),(26913496,'tt1606378',6,'2013-06-15','2013-06-15',358),(26913496,'tt2091473',8,'2013-06-15','2013-06-15',359),(26913496,'tt1694020',7,'2013-06-15','2013-06-15',360),(26913496,'tt1772341',9,'2013-06-10','2013-06-10',361),(26913496,'tt1276104',8,'2013-06-10','2013-06-10',362),(26913496,'tt1855199',10,'2013-06-10','2013-06-10',363),(26913496,'tt0948470',8,'2013-06-10','2013-06-10',364),(26913496,'tt1446192',5,'2013-06-10','2013-06-10',365),(26913496,'tt1931533',9,'2013-06-10','2013-06-10',366),(26913496,'tt1217209',8,'2013-06-10','2013-06-10',367),(26913496,'tt1440129',8,'2013-06-10','2013-06-10',368),(26913496,'tt1194173',6,'2013-06-10','2013-06-10',369),(26913496,'tt0416320',9,'2013-06-10','2013-06-10',370),(26913496,'tt1764234',8,'2013-06-10','2013-06-10',371),(26913496,'tt1667310',8,'2013-06-10','2013-06-10',372),(26913496,'tt1656190',8,'2013-06-10','2013-06-10',373),(26913496,'tt0368008',7,'2013-06-03','2013-06-03',374),(26913496,'tt0945513',9,'2013-06-02','2013-06-02',375),(26913496,'tt0232500',7,'2013-06-02','2013-06-02',376),(26913496,'tt0337978',7,'2013-06-02','2013-06-02',377),(26913496,'tt1179034',8,'2013-06-02','2013-06-02',378),(26913496,'tt0159273',7,'2013-06-02','2013-06-02',379),(26913496,'tt0116225',3,'2013-05-26','2013-05-26',380),(26913496,'tt0448157',8,'2013-05-26','2013-05-26',381),(26913496,'tt1152836',9,'2013-05-26','2013-05-26',382),(26913496,'tt0104691',10,'2013-05-26','2013-05-26',383),(26913496,'tt0140352',9,'2013-05-26','2013-05-26',384),(26913496,'tt0446013',5,'2013-05-22','2013-05-22',385),(26913496,'tt0245562',8,'2013-05-22','2013-05-22',386),(26913496,'tt1753496',6,'2013-05-22','2013-05-22',387),(26913496,'tt0259288',10,'2013-05-22','2013-05-22',388),(26913496,'tt0068646',10,'2013-05-22','2013-05-22',389),(26913496,'tt0109830',10,'2013-05-22','2013-05-22',390),(26913496,'tt1673434',2,'2013-05-22','2013-05-22',391),(26913496,'tt0332280',10,'2013-05-22','2013-05-22',392),(26913496,'tt0099685',9,'2013-05-22','2013-05-22',393),(26913496,'tt1099212',2,'2013-05-22','2013-05-22',394),(26913496,'tt0071562',9,'2013-05-22','2013-05-22',395),(26913496,'tt0988045',9,'2013-05-22','2013-05-22',396),(26913496,'tt0110413',10,'2013-05-22','2013-05-22',397),(26913496,'tt0086250',9,'2013-05-22','2013-05-22',398),(26913496,'tt1549920',8,'2013-05-22','2013-05-22',399),(26913496,'tt0765446',7,'2013-05-22','2013-05-22',400),(26913496,'tt1324999',2,'2013-05-22','2013-05-22',401),(26913496,'tt0458352',8,'2013-05-22','2013-05-22',402),(26913496,'tt0368891',7,'2013-05-22','2013-05-22',403),(26913496,'tt0372183',9,'2013-05-22','2013-05-22',404),(26913496,'tt0117665',9,'2013-05-22','2013-05-22',405),(26913496,'tt1482459',7,'2013-05-22','2013-05-22',406),(26913496,'tt1259571',2,'2013-05-22','2013-05-22',407),(26913496,'tt0431308',10,'2013-05-22','2013-05-22',408),(26913496,'tt0099810',9,'2013-05-22','2013-05-22',409),(26913496,'tt0780536',9,'2013-05-22','2013-05-22',410),(26913496,'tt0976051',10,'2013-05-22','2013-05-22',411),(26913496,'tt0117500',8,'2013-05-22','2013-05-22',412),(26913496,'tt1325004',2,'2013-05-22','2013-05-22',413),(26913496,'tt0097576',9,'2013-05-22','2013-05-22',414),(26913496,'tt0099653',9,'2013-05-22','2013-05-22',415),(26913496,'tt0181865',8,'2013-05-22','2013-05-22',416),(26913496,'tt1720616',8,'2013-05-22','2013-05-22',417),(26913496,'tt0401711',9,'2013-05-22','2013-05-22',418),(26913496,'tt1233301',6,'2013-05-22','2013-05-22',419),(26913496,'tt0277434',8,'2013-05-22','2013-05-22',420),(26913496,'tt0223897',9,'2013-05-22','2013-05-22',421),(26913496,'tt0107207',9,'2013-05-22','2013-05-22',422),(26913496,'tt0433383',8,'2013-05-22','2013-05-22',423),(26913496,'tt0292963',8,'2013-05-22','2013-05-22',424),(26913496,'tt1853728',10,'2013-05-08','2013-05-08',425),(26913496,'tt0344510',9,'2013-05-06','2013-05-06',426),(26913496,'tt1300854',9,'2013-05-06','2013-05-06',427),(26913496,'tt0790724',7,'2013-05-06','2013-05-06',428),(26913496,'tt0371746',10,'2013-05-06','2013-05-06',429),(26913496,'tt1235522',8,'2013-04-27','2013-04-27',430),(26913496,'tt1054588',9,'2013-04-26','2013-04-26',431),(26913496,'tt1483013',6,'2013-04-13','2013-04-13',432),(26913496,'tt0395119',9,'2013-04-11','2013-04-11',433),(26913496,'tt0379889',8,'2013-04-11','2013-04-11',434),(26913496,'tt1124035',9,'2013-04-11','2013-04-11',435),(26913496,'tt0120382',9,'2013-04-11','2013-04-11',436),(26913496,'tt0417397',9,'2013-04-10','2013-04-10',437),(26913496,'tt0892255',9,'2013-04-10','2013-04-10',438),(26913496,'tt0265086',10,'2013-04-10','2013-04-10',439),(26913496,'tt0082971',10,'2013-04-10','2013-04-10',440),(26913496,'tt0349683',8,'2013-04-10','2013-04-10',441),(26913496,'tt0367882',8,'2013-04-10','2013-04-10',442),(26913496,'tt0087469',9,'2013-04-10','2013-04-10',443),(26913496,'tt0082096',9,'2013-04-10','2013-04-10',444),(26913496,'tt0120744',9,'2013-04-10','2013-04-10',445),(26913496,'tt0418689',8,'2013-04-10','2013-04-10',446),(26913496,'tt0498380',9,'2013-04-10','2013-04-10',447),(26913496,'tt2340678',8,'2013-04-07','2013-04-07',448),(26913496,'tt0268978',9,'2013-04-07','2013-04-07',449),(26913496,'tt1374992',7,'2013-04-07','2013-04-07',450),(26913496,'tt0159365',9,'2013-04-07','2013-04-07',451),(26913496,'tt1616195',8,'2013-04-07','2013-04-07',452),(26913496,'tt1540128',7,'2013-04-07','2013-04-07',453),(26913496,'tt0116209',10,'2013-04-07','2013-04-07',454),(26913496,'tt0118799',10,'2013-04-07','2013-04-07',455),(26913496,'tt1007029',8,'2013-04-07','2013-04-07',456),(26913496,'tt0850253',8,'2013-04-06','2013-04-06',457),(26913496,'tt0780504',10,'2013-04-06','2013-04-06',458),(26913496,'tt1321870',6,'2013-04-06','2013-04-06',459),(26913496,'tt1136608',10,'2013-04-06','2013-04-06',460),(26913496,'tt0438488',8,'2013-04-06','2013-04-06',461),(26913496,'tt0175880',9,'2013-04-06','2013-04-06',462),(26913496,'tt0107818',8,'2013-04-06','2013-04-06',463),(26913496,'tt0105323',8,'2013-04-06','2013-04-06',464),(26913496,'tt0238380',9,'2013-04-04','2013-04-04',465),(26913496,'tt0096754',9,'2013-04-04','2013-04-04',466),(26913496,'tt1389137',7,'2013-03-31','2013-03-31',467),(26913496,'tt1055292',7,'2013-03-31','2013-03-31',468),(26913496,'tt1245104',10,'2013-03-30','2013-03-30',469),(26913496,'tt1790885',9,'2013-03-30','2013-03-30',470),(26913496,'tt0102685',8,'2013-03-24','2013-03-24',471),(26913496,'tt0443272',8,'2013-03-22','2013-03-22',472),(26913496,'tt0120102',9,'2013-03-19','2013-03-19',473),(26913496,'tt1707386',9,'2013-03-18','2013-03-18',474),(26913496,'tt0477080',8,'2013-03-17','2013-03-17',475),(26913496,'tt0361748',9,'2013-03-16','2013-03-16',476),(26913496,'tt0108052',10,'2013-03-16','2013-03-16',477),(26913496,'tt0112573',10,'2013-03-16','2013-03-16',478),(26913496,'tt0914798',10,'2013-03-16','2013-03-16',479),(26913496,'tt0320661',8,'2013-03-16','2013-03-16',480),(26913496,'tt0213149',10,'2013-03-16','2013-03-16',481),(26913496,'tt0187393',9,'2013-03-16','2013-03-16',482),(26913496,'tt0325710',10,'2013-03-16','2013-03-16',483),(26913496,'tt0311113',9,'2013-03-16','2013-03-16',484),(26913496,'tt0985699',9,'2013-03-16','2013-03-16',485),(26913496,'tt1034303',10,'2013-03-16','2013-03-16',486),(26913496,'tt0947810',8,'2013-03-16','2013-03-16',487),(26913496,'tt0455824',7,'2013-03-16','2013-03-16',488),(26913496,'tt0898266',9,'2013-03-13','2013-03-13',489),(26913496,'tt1560747',7,'2013-03-13','2013-03-13',490),(26913496,'tt0454876',9,'2013-03-13','2013-03-13',491),(26913496,'tt2088735',8,'2013-03-12','2013-03-12',492),(26913496,'tt2388725',9,'2013-02-28','2013-02-28',493),(26913496,'tt1649419',9,'2013-02-24','2013-02-24',494),(26913496,'tt1567609',7,'2013-02-16','2013-02-16',495),(26913496,'tt0475394',9,'2013-02-13','2013-02-13',496),(26913496,'tt0431197',9,'2013-02-13','2013-02-13',497),(26913496,'tt1024648',9,'2013-02-09','2013-02-09',498),(26913496,'tt0783233',9,'2013-02-08','2013-02-08',499),(26913496,'tt0110322',10,'2013-02-08','2013-02-08',500),(26913496,'tt2097307',8,'2013-02-08','2013-02-08',501),(26913496,'tt0241303',9,'2013-02-08','2013-02-08',502),(26913496,'tt1990314',8,'2013-02-08','2013-02-08',503),(26913496,'tt1481572',8,'2013-02-08','2013-02-08',504),(26913496,'tt1582248',8,'2013-01-30','2013-01-30',505),(26913496,'tt1606389',8,'2013-01-30','2013-01-30',506),(26913496,'tt1648179',7,'2013-01-30','2013-01-30',507),(26913496,'tt1037156',8,'2013-01-27','2013-01-27',508),(26913496,'tt1074638',5,'2013-01-27','2013-01-27',509),(26913496,'tt1899353',9,'2013-01-27','2013-01-27',510),(26913496,'tt0338751',9,'2013-01-21','2013-01-21',511),(26913496,'tt0454824',8,'2013-01-21','2013-01-21',512),(26913496,'tt1045658',8,'2013-01-20','2013-01-20',513),(26913496,'tt1715873',8,'2013-01-20','2013-01-20',514),(26913496,'tt0395169',9,'2013-01-20','2013-01-20',515),(26913496,'tt0408345',7,'2013-01-17','2013-01-17',516),(26913496,'tt1478338',7,'2013-01-17','2013-01-17',517),(26913496,'tt0317248',9,'2013-01-17','2013-01-17',518),(26913496,'tt2083383',8,'2013-01-17','2013-01-17',519),(26913496,'tt0247586',9,'2013-01-09','2013-01-09',520),(26913496,'tt0377107',9,'2013-01-09','2013-01-09',521),(26913496,'tt0114287',9,'2013-01-09','2013-01-09',522),(26913496,'tt0848228',7,'2013-01-09','2013-01-09',523),(26913496,'tt1371111',9,'2013-01-09','2013-01-09',524),(26913496,'tt0449059',9,'2013-01-09','2013-01-09',525),(26913496,'tt0164184',7,'2013-01-09','2013-01-09',526),(26913496,'tt0475276',9,'2013-01-09','2013-01-09',527),(26913496,'tt0203019',9,'2013-01-09','2013-01-09',528),(26913496,'tt0804522',8,'2013-01-04','2013-01-04',529),(26913496,'tt0133952',8,'2013-01-02','2013-01-02',530),(26913496,'tt0325980',7,'2013-01-02','2013-01-02',531),(26913496,'tt0139654',8,'2013-01-02','2013-01-02',532),(26913496,'tt1013752',6,'2013-01-02','2013-01-02',533),(26913496,'tt0887912',9,'2013-01-02','2013-01-02',534),(26913496,'tt0369339',9,'2013-01-02','2013-01-02',535),(26913496,'tt0111257',8,'2013-01-02','2013-01-02',536),(26913496,'tt0106977',8,'2013-01-02','2013-01-02',537),(26913496,'tt1440728',8,'2013-01-02','2013-01-02',538),(26913496,'tt1313092',8,'2013-01-02','2013-01-02',539),(26913496,'tt1111422',7,'2013-01-02','2013-01-02',540),(26913496,'tt0490204',6,'2013-01-02','2013-01-02',541),(26913496,'tt0421073',7,'2013-01-02','2013-01-02',542),(26913496,'tt0074119',8,'2013-01-01','2013-01-01',543),(26913496,'tt1244754',9,'2013-01-01','2013-01-01',544),(26913496,'tt0406816',9,'2013-01-01','2013-01-01',545),(26913496,'tt0104797',8,'2013-01-01','2013-01-01',546),(26913496,'tt0116830',9,'2012-12-31','2012-12-31',547),(26913496,'tt0114576',5,'2012-12-31','2012-12-31',548),(26913496,'tt0169547',8,'2012-12-31','2012-12-31',549),(26913496,'tt0113277',8,'2012-12-31','2012-12-31',550),(26913496,'tt1748122',8,'2012-12-31','2012-12-31',551),(26913496,'tt0443706',9,'2012-12-31','2012-12-31',552),(26913496,'tt0473075',7,'2012-12-31','2012-12-31',553),(26913496,'tt0253474',9,'2012-12-31','2012-12-31',554),(26913496,'tt0265208',7,'2012-12-31','2012-12-31',555),(26913496,'tt0758752',9,'2012-12-31','2012-12-31',556),(26913496,'tt0181689',8,'2012-12-31','2012-12-31',557),(26913496,'tt1010048',9,'2012-12-31','2012-12-31',558),(26913496,'tt1568338',7,'2012-12-31','2012-12-31',559),(26913496,'tt0497465',7,'2012-12-31','2012-12-31',560),(26913496,'tt0319262',8,'2012-12-31','2012-12-31',561),(26913496,'tt0955308',7,'2012-12-31','2012-12-31',562),(26913496,'tt0454848',8,'2012-12-31','2012-12-31',563),(26913496,'tt1037705',8,'2012-12-31','2012-12-31',564),(26913496,'tt0376541',9,'2012-12-31','2012-12-31',565),(26913496,'tt0099348',10,'2012-12-31','2012-12-31',566),(26913496,'tt0114898',9,'2012-12-31','2012-12-31',567),(26913496,'tt0120784',8,'2012-12-31','2012-12-31',568),(26913496,'tt0399295',8,'2012-12-31','2012-12-31',569),(26913496,'tt0293662',7,'2012-12-31','2012-12-31',570),(26913496,'tt0278504',8,'2012-12-31','2012-12-31',571),(26913496,'tt0425061',8,'2012-12-31','2012-12-31',572),(26913496,'tt0418763',8,'2012-12-31','2012-12-31',573),(26913496,'tt0986263',8,'2012-12-31','2012-12-31',574),(26913496,'tt0244244',6,'2012-12-31','2012-12-31',575),(26913496,'tt0463998',8,'2012-12-31','2012-12-31',576),(26913496,'tt1033643',7,'2012-12-31','2012-12-31',577),(26913496,'tt0112740',8,'2012-12-31','2012-12-31',578),(26913496,'tt0099423',7,'2012-12-31','2012-12-31',579),(26913496,'tt0123755',8,'2012-12-31','2012-12-31',580),(26913496,'tt0111756',9,'2012-12-31','2012-12-31',581),(26913496,'tt0104714',7,'2012-12-31','2012-12-31',582),(26913496,'tt0338337',7,'2012-12-31','2012-12-31',583),(26913496,'tt0266987',8,'2012-12-31','2012-12-31',584),(26913496,'tt0316356',10,'2012-12-31','2012-12-31',585),(26913496,'tt0800308',8,'2012-12-31','2012-12-31',586),(26913496,'tt0398712',8,'2012-12-31','2012-12-31',587),(26913496,'tt1840417',8,'2012-12-26','2012-12-26',588),(26913496,'tt1397280',7,'2012-12-23','2012-12-23',589),(26913496,'tt0947798',7,'2012-12-15','2012-12-15',590),(26913496,'tt1547234',8,'2012-12-15','2012-12-15',591),(26913496,'tt0488120',8,'2012-12-15','2012-12-15',592),(26913496,'tt1839492',7,'2012-11-30','2012-11-30',593),(26913496,'tt1212450',9,'2012-11-27','2012-11-27',594),(26913496,'tt1637725',7,'2012-11-25','2012-11-25',595),(26913496,'tt1340800',7,'2012-11-25','2012-11-25',596),(26913496,'tt1307068',7,'2012-11-25','2012-11-25',597),(26913496,'tt1345836',6,'2012-11-20','2012-11-20',598),(26913496,'tt1291584',9,'2012-11-20','2012-11-20',599),(26913496,'tt0105695',9,'2012-11-20','2012-11-20',600),(26913496,'tt0372784',6,'2012-11-19','2012-11-19',601),(26913496,'tt1764651',6,'2012-11-17','2012-11-17',602),(26913496,'tt1298649',6,'2012-11-17','2012-11-17',603),(26913496,'tt1764183',8,'2012-11-17','2012-11-17',604),(26913496,'tt1386703',1,'2012-11-10','2012-11-10',605),(26913496,'tt1446714',5,'2012-10-24','2012-10-24',606),(26913496,'tt1232200',6,'2012-10-24','2012-10-24',607),(26913496,'tt1409024',7,'2012-10-24','2012-10-24',608),(26913496,'tt1599348',8,'2012-10-24','2012-10-24',609),(26913496,'tt1790886',7,'2012-10-24','2012-10-24',610),(26913496,'tt1277953',7,'2012-10-24','2012-10-24',611),(26913496,'tt1862079',8,'2012-10-20','2012-10-20',612),(26913496,'tt0765010',8,'2012-10-19','2012-10-19',613),(26913496,'tt1675434',9,'2012-10-18','2012-10-18',614),(26913496,'tt1205489',10,'2012-10-15','2012-10-15',615),(26913496,'tt0959337',8,'2012-10-15','2012-10-15',616),(26913496,'tt1601913',5,'2012-10-15','2012-10-15',617),(26913496,'tt1060277',9,'2012-10-15','2012-10-15',618),(26913496,'tt1318514',9,'2012-10-15','2012-10-15',619),(26913496,'tt0386588',7,'2012-10-12','2012-10-12',620),(26913496,'tt1155056',7,'2012-10-12','2012-10-12',621),(26913496,'tt0443453',8,'2012-10-12','2012-10-12',622),(26913496,'tt0780511',8,'2012-10-11','2012-10-11',623),(26913496,'tt0316465',8,'2012-10-03','2012-10-03',624),(26913496,'tt0198781',10,'2012-10-03','2013-10-15',625),(26913496,'tt0418279',7,'2012-10-03','2012-10-03',626),(26913496,'tt0405159',10,'2012-10-03','2012-10-03',627),(26913496,'tt1245526',7,'2012-10-03','2012-10-03',628),(26913496,'tt0075314',8,'2012-10-03','2012-10-03',629),(26913496,'tt0264464',9,'2012-10-03','2012-10-03',630),(26913496,'tt0480249',9,'2012-10-03','2012-10-03',631),(26913496,'tt0454921',9,'2012-10-03','2012-10-03',632),(26913496,'tt0317740',8,'2012-10-03','2012-10-03',633),(26913496,'tt0257044',9,'2012-10-03','2012-10-03',634),(26913496,'tt0217505',9,'2012-10-03','2012-10-03',635),(26913496,'tt1032755',8,'2012-10-03','2012-10-03',636),(26913496,'tt0120660',7,'2012-10-03','2012-10-03',637),(26913496,'tt0758774',8,'2012-10-03','2012-10-03',638),(26913496,'tt0343818',9,'2012-10-03','2012-10-03',639),(26913496,'tt0825232',9,'2012-10-03','2012-10-03',640),(26913496,'tt0093409',7,'2012-10-03','2012-10-03',641),(26913496,'tt0455590',9,'2012-10-03','2012-10-03',642),(26913496,'tt0112864',7,'2012-10-03','2012-10-03',643),(26913496,'tt0122690',8,'2012-10-03','2012-10-03',644),(26913496,'tt0267626',9,'2012-10-03','2012-10-03',645),(26913496,'tt0427309',9,'2012-10-03','2012-10-03',646),(26913496,'tt0292506',7,'2012-10-03','2012-10-03',647),(26913496,'tt1692486',8,'2012-09-24','2012-09-24',648),(26913496,'tt0416185',8,'2012-09-16','2012-09-16',649),(26913496,'tt1915581',7,'2012-09-16','2012-09-16',650),(26913496,'tt0396269',7,'2012-09-16','2012-09-16',651),(26913496,'tt0435761',6,'2012-09-16','2012-09-16',652),(26913496,'tt0414055',8,'2012-09-16','2012-09-16',653),(26913496,'tt0472062',8,'2012-09-16','2012-09-16',654),(26913496,'tt1018818',7,'2012-09-13','2012-09-13',655),(26913496,'tt1077368',7,'2012-09-13','2012-09-13',656),(26913496,'tt0070735',7,'2012-09-13','2012-09-13',657),(26913496,'tt1366365',8,'2012-09-13','2012-09-13',658),(26913496,'tt1683526',9,'2012-09-02','2012-09-02',659),(26913496,'tt0840361',8,'2012-08-26','2012-08-26',660),(26913496,'tt2066040',8,'2012-08-23','2012-08-23',661),(26913496,'tt1570728',8,'2012-08-18','2012-08-18',662),(26913496,'tt1411697',8,'2012-08-18','2012-08-18',663),(26913496,'tt1375670',6,'2012-08-18','2012-08-18',664),(26913496,'tt1231583',9,'2012-08-18','2012-08-18',665),(26913496,'tt1195478',8,'2012-08-18','2012-08-18',666),(26913496,'tt1645170',9,'2012-08-09','2012-08-09',667),(26913496,'tt1392170',4,'2012-08-06','2012-08-06',668),(26913496,'tt1605630',6,'2012-08-03','2012-08-03',669),(26913496,'tt1667889',8,'2012-08-03','2012-08-03',670),(26913496,'tt1372686',6,'2012-08-03','2012-08-03',671),(26913496,'tt1430615',8,'2012-08-03','2012-08-03',672),(26913496,'tt0149460',9,'2012-07-21','2012-07-21',673),(26913496,'tt1232829',8,'2012-07-06','2012-07-06',674),(26913496,'tt0822854',7,'2012-07-06','2012-07-06',675),(26913496,'tt0430922',7,'2012-07-06','2012-07-06',676),(26913496,'tt1592525',7,'2012-07-06','2012-07-06',677),(26913496,'tt0401729',6,'2012-06-23','2012-06-23',678),(26913496,'tt0258463',9,'2012-06-23','2012-06-23',679),(26913496,'tt0440963',8,'2012-06-23','2012-06-23',680),(26913496,'tt1646987',6,'2012-06-23','2012-06-23',681),(26913496,'tt0480687',7,'2012-06-23','2012-06-23',682),(26913496,'tt1655460',8,'2012-06-23','2012-06-23',683),(26913496,'tt1067583',7,'2012-06-23','2012-06-23',684),(26913496,'tt0384793',6,'2012-06-23','2012-06-23',685),(26913496,'tt1912398',8,'2012-06-23','2012-06-23',686),(26913496,'tt1588334',8,'2012-06-23','2012-06-23',687),(26913496,'tt1172991',8,'2012-06-23','2012-06-23',688),(26913496,'tt1636826',8,'2012-06-08','2012-06-08',689),(26913496,'tt0108778',10,'2012-05-24','2012-05-24',690),(26913496,'tt1515091',8,'2012-05-12','2012-05-12',691),(26913496,'tt1568911',8,'2012-05-12','2012-05-12',692),(26913496,'tt0375912',7,'2012-05-12','2012-05-12',693),(26913496,'tt0485985',5,'2012-05-12','2012-05-12',694),(26913496,'tt1225822',7,'2012-05-12','2012-05-12',695),(26913496,'tt1861334',8,'2012-04-11','2012-04-11',696),(26913496,'tt1229238',7,'2012-04-11','2012-04-11',697),(26913496,'tt1524137',7,'2012-04-11','2012-04-11',698),(26913496,'tt1126618',7,'2012-04-11','2012-04-11',699),(26913496,'tt0092965',7,'2012-04-08','2012-04-08',700),(26913496,'tt0471042',6,'2012-04-08','2012-04-08',701),(26913496,'tt0477302',8,'2012-03-29','2012-03-29',702),(26913496,'tt1533395',10,'2012-03-19','2012-03-19',703),(26913496,'tt1053810',8,'2012-03-19','2012-03-19',704),(26913496,'tt0114814',8,'2012-03-18','2012-03-18',705),(26913496,'tt0167404',8,'2012-03-13','2012-03-13',706),(26913496,'tt1068680',7,'2012-03-13','2012-03-13',707),(26913496,'tt1586752',8,'2012-03-13','2012-03-13',708),(26913496,'tt0116409',8,'2012-02-26','2012-02-26',709),(26913496,'tt1385826',7,'2012-02-26','2012-02-26',710),(26913496,'tt0968264',8,'2012-02-21','2012-02-21',711),(26913496,'tt0970179',8,'2012-02-21','2012-02-21',712),(26913496,'tt0376136',7,'2012-02-21','2012-02-21',713),(26913496,'tt0095765',9,'2012-02-21','2012-02-21',714),(26913496,'tt1541160',6,'2012-01-31','2012-01-31',715),(26913496,'tt0172495',10,'2012-01-31','2013-10-14',716),(26913496,'tt0118715',7,'2012-01-31','2012-01-31',717),(26913496,'tt0815236',6,'2012-01-31','2012-01-31',718),(26913496,'tt1306980',8,'2012-01-31','2012-01-31',719),(26913496,'tt0814314',8,'2012-01-31','2012-01-31',720),(26913496,'tt0095953',8,'2012-01-31','2012-01-31',721),(26913496,'tt1142988',7,'2012-01-31','2012-01-31',722),(26913496,'tt1634122',4,'2012-01-31','2012-01-31',723),(26913496,'tt1001508',7,'2012-01-21','2012-01-21',724),(26913496,'tt0425210',8,'2012-01-21','2012-01-21',725),(26913496,'tt1563738',8,'2012-01-10','2012-01-10',726),(26913496,'tt0433035',5,'2012-01-08','2012-01-08',727),(26913496,'tt1488555',7,'2012-01-08','2012-01-08',728),(26913496,'tt0832266',8,'2012-01-08','2012-01-08',729),(26913496,'tt0467406',7,'2012-01-07','2012-01-07',730),(26913496,'tt1615147',8,'2011-12-29','2011-12-29',731),(26913496,'tt1210166',9,'2011-12-27','2011-12-27',732),(26913496,'tt1059786',8,'2011-12-27','2011-12-27',733),(26913496,'tt1637688',6,'2011-12-26','2011-12-26',734),(26913496,'tt1120985',8,'2011-12-26','2011-12-26',735),(26913496,'tt1650062',7,'2011-12-23','2011-12-23',736),(26913496,'tt0119217',8,'2011-12-23','2011-12-23',737),(26913496,'tt0478311',7,'2011-12-23','2011-12-23',738),(26913496,'tt0399201',7,'2011-12-23','2011-12-23',739),(26913496,'tt0328107',9,'2011-12-23','2011-12-23',740),(26913496,'tt1716772',6,'2011-12-23','2011-12-23',741),(26913496,'tt1598778',7,'2011-12-22','2011-12-22',742),(26913496,'tt1886493',6,'2011-12-19','2011-12-19',743),(26913496,'tt1448755',5,'2011-12-19','2011-12-19',744),(26913496,'tt0472181',5,'2011-12-19','2011-12-19',745),(26913496,'tt0151804',8,'2011-12-08','2011-12-08',746),(26913496,'tt0889573',7,'2011-12-08','2011-12-08',747),(26913496,'tt0452594',7,'2011-12-08','2011-12-08',748),(26913496,'tt1038919',6,'2011-12-08','2011-12-08',749),(26913496,'tt1049413',9,'2011-12-06','2011-12-06',750),(26913496,'tt0405422',8,'2011-12-06','2011-12-06',751),(26913496,'tt0887883',8,'2011-12-06','2011-12-06',752),(26913496,'tt0362227',9,'2011-12-06','2011-12-06',753),(26913496,'tt1622547',7,'2011-12-06','2011-12-06',754),(26913496,'tt0829482',7,'2011-12-05','2011-12-05',755),(26913496,'tt0183790',7,'2011-12-05','2011-12-05',756),(26913496,'tt1386588',7,'2011-12-05','2011-12-05',757),(26913496,'tt1193138',8,'2011-12-05','2011-12-05',758),(26913496,'tt1502404',4,'2011-12-05','2011-12-05',759),(26913496,'tt0453467',7,'2011-12-05','2011-12-05',760),(26913496,'tt0397892',6,'2011-12-05','2011-12-05',761),(26913496,'tt0094291',8,'2011-12-05','2011-12-05',762),(26913496,'tt1027718',7,'2011-12-05','2011-12-05',763),(26913496,'tt0106489',8,'2011-12-05','2011-12-05',764),(26913496,'tt0481536',6,'2011-12-05','2011-12-05',765),(26913496,'tt1279935',8,'2011-12-03','2011-12-03',766),(26913496,'tt0409847',5,'2011-11-26','2011-11-26',767),(26913496,'tt1341167',8,'2011-11-24','2011-11-24',768),(26913496,'tt1436562',7,'2011-11-15','2011-11-15',769),(26913496,'tt0458339',5,'2011-11-14','2011-11-14',770),(26913496,'tt1228705',8,'2011-11-02','2011-11-02',771),(26913496,'tt0808399',6,'2011-11-02','2011-11-02',772),(26913496,'tt0460649',7,'2011-10-17','2011-10-17',773),(26913496,'tt1022603',8,'2011-10-17','2011-10-17',774),(26913496,'tt1499658',7,'2011-10-17','2011-10-17',775),(26913496,'tt0366548',6,'2011-10-17','2011-10-17',776),(26913496,'tt0215750',8,'2011-10-15','2011-10-15',777),(26913496,'tt1240982',6,'2011-10-10','2011-10-10',778),(26913496,'tt1399103',5,'2011-10-07','2011-10-07',779),(26913496,'tt1189340',7,'2011-10-07','2011-10-07',780),(26913496,'tt0480242',7,'2011-10-07','2011-10-07',781),(26913496,'tt1564367',4,'2011-09-13','2011-09-13',782),(26913496,'tt1416801',7,'2011-09-11','2011-09-11',783),(26913496,'tt1592521',9,'2011-09-08','2011-09-08',784),(26913496,'tt0800369',5,'2011-09-08','2011-09-08',785),(26913496,'tt1605783',8,'2011-09-08','2011-09-08',786),(26913496,'tt1130884',7,'2011-09-08','2011-09-08',787),(26913496,'tt0936501',8,'2011-09-08','2011-09-08',788),(26913496,'tt0211915',9,'2011-09-08','2013-10-15',789),(26913496,'tt0898367',8,'2011-09-08','2011-09-08',790),(26913496,'tt0289879',8,'2011-09-08','2011-09-08',791),(26913496,'tt1458175',7,'2011-09-08','2011-09-08',792),(26913496,'tt1020558',5,'2011-09-08','2011-09-08',793),(26913496,'tt0389557',7,'2011-09-08','2011-09-08',794),(26913496,'tt1462758',9,'2011-09-05','2011-09-05',795),(26913496,'tt0408306',8,'2011-09-05','2011-09-05',796),(26913496,'tt0870111',9,'2011-09-05','2011-09-05',797),(26913496,'tt1504320',9,'2011-08-31','2011-08-31',798),(26913496,'tt0120815',10,'2011-08-25','2011-08-25',799),(26913496,'tt0185906',10,'2011-08-25','2011-08-25',800),(26913496,'tt1125849',7,'2011-08-24','2011-08-24',801),(26913496,'tt0208092',7,'2011-08-23','2011-08-23',802),(26913496,'tt0146309',9,'2011-08-22','2011-08-22',803),(26913496,'tt0416449',10,'2011-08-22','2011-08-22',804),(26913496,'tt0332452',10,'2011-08-22','2011-08-22',805),(26913496,'tt0450259',9,'2011-08-22','2011-08-22',806),(26913496,'tt0346491',5,'2011-08-22','2011-08-22',807),(26913496,'tt0374463',8,'2011-08-22','2011-08-22',808),(26913496,'tt1119646',8,'2011-08-21','2011-08-21',809),(26913496,'tt0120586',9,'2011-08-20','2011-08-20',810),(26913496,'tt0758758',9,'2011-08-20','2011-08-20',811),(26913496,'tt0469494',8,'2011-08-20','2011-08-20',812),(26913496,'tt0765429',8,'2011-08-20','2011-08-20',813),(26913496,'tt0824747',8,'2011-08-20','2011-08-20',814),(26913496,'tt0314353',7,'2011-08-20','2011-08-20',815),(26913496,'tt1034389',7,'2011-08-16','2011-08-16',816),(26913496,'tt0120735',7,'2011-08-14','2011-08-14',817),(26913496,'tt1284575',2,'2011-08-08','2011-08-08',818),(26913496,'tt0120338',9,'2011-08-07','2011-08-07',819),(26913496,'tt1555149',8,'2011-08-03','2011-08-03',820),(26913496,'tt0111161',9,'2011-08-03','2011-08-03',821),(26913496,'tt0446029',7,'2011-08-03','2011-08-03',822),(26913496,'tt1219289',8,'2011-08-03','2011-08-03',823),(26913496,'tt1285016',8,'2011-08-03','2011-08-03',824),(26913496,'tt1542344',10,'2011-08-03','2011-08-03',825),(26913496,'tt1403865',6,'2011-08-03','2011-08-03',826),(26913496,'tt0964517',8,'2011-08-03','2011-08-03',827),(26913496,'tt1139328',7,'2011-08-03','2011-08-03',828),(26913496,'tt1334102',2,'2011-07-31','2011-07-31',829),(26913496,'tt1396218',3,'2011-07-30','2011-07-30',830),(26913496,'tt0114746',9,'2011-07-08','2011-07-08',831),(26913496,'tt1401152',7,'2011-07-08','2011-07-08',832),(29283210,'tt2018086',6,'2013-10-13','2013-10-13',833),(29283210,'tt2059255',8,'2013-10-13','2013-10-13',834),(29283210,'tt0108399',8,'2013-10-13','2013-10-13',835),(29283210,'tt0113497',7,'2013-10-06','2013-10-06',836),(29283210,'tt0443456',7,'2013-06-09','2013-06-09',837),(29283210,'tt0309987',7,'2013-06-01','2013-06-01',838),(29283210,'tt2053463',7,'2013-05-12','2013-05-12',839),(29283210,'tt0054698',8,'2013-05-12','2013-05-12',840),(29283210,'tt0083658',9,'2013-04-20','2013-04-20',841),(29283210,'tt1028528',8,'2013-04-20','2013-04-20',842),(29283210,'tt0409184',8,'2013-04-17','2013-04-17',843),(29283210,'tt1125849',7,'2013-04-15','2013-04-15',844),(29283210,'tt0070849',7,'2013-04-15','2013-04-15',845),(29283210,'tt1545759',6,'2013-04-14','2013-04-14',846),(29283210,'tt1321870',7,'2013-04-14','2013-04-14',847),(29283210,'tt0116282',8,'2013-04-14','2013-04-14',848),(29283210,'tt0450843',4,'2013-04-13','2013-04-13',849),(29283210,'tt1674057',7,'2013-04-13','2013-04-13',850),(29283210,'tt0275491',7,'2013-04-13','2013-04-13',851),(29283210,'tt1075113',5,'2013-04-13','2013-04-13',852),(29283210,'tt0913425',7,'2013-04-13','2013-04-13',853),(29283210,'tt0185125',8,'2013-04-13','2013-04-13',854),(29283210,'tt0335345',8,'2013-04-13','2013-04-13',855),(29283210,'tt1189073',8,'2013-04-13','2013-04-13',856),(29283210,'tt1263750',7,'2013-04-13','2013-04-13',857),(29283210,'tt0287467',8,'2013-04-13','2013-04-13',858),(29283210,'tt1987018',8,'2013-04-08','2013-04-08',859),(29283210,'tt0114319',7,'2013-04-08','2013-04-08',860),(29283210,'tt1753813',6,'2013-04-08','2013-04-08',861),(29283210,'tt0401792',9,'2013-04-08','2013-04-08',862),(29283210,'tt1298650',6,'2013-04-08','2013-04-08',863),(29283210,'tt1014759',6,'2013-04-08','2013-04-08',864),(29283210,'tt0332452',8,'2013-04-08','2013-04-08',865),(29283210,'tt0408236',8,'2013-04-08','2013-04-08',866),(29283210,'tt0240772',8,'2013-04-08','2013-04-08',867),(29283210,'tt0421715',9,'2013-04-08','2013-04-08',868),(29283210,'tt0944835',6,'2013-04-08','2013-04-08',869),(29283210,'tt0376136',7,'2013-04-08','2013-04-08',870),(29283210,'tt0356910',7,'2013-04-08','2013-04-08',871),(29283210,'tt0449467',8,'2013-04-08','2013-04-08',872),(29283210,'tt1243957',7,'2013-04-08','2013-04-08',873),(29283210,'tt0119643',7,'2013-04-08','2013-04-08',874),(29283210,'tt0110322',9,'2013-04-08','2013-04-08',875),(29283210,'tt0824747',8,'2013-04-08','2013-04-08',876),(29283210,'tt0465551',7,'2013-04-08','2013-04-08',877),(29283210,'tt0368794',6,'2013-04-08','2013-04-08',878),(29283210,'tt0324554',7,'2013-04-08','2013-04-08',879),(29283210,'tt0052357',9,'2013-04-07','2013-04-07',880),(29283210,'tt0441909',8,'2013-04-07','2013-04-07',881),(29283210,'tt1772424',7,'2013-04-06','2013-04-06',882),(29283210,'tt1441940',8,'2013-03-31','2013-03-31',883),(29283210,'tt1588173',7,'2013-03-30','2013-03-30',884),(29283210,'tt1661420',7,'2013-03-29','2013-03-29',885),(29283210,'tt0792965',7,'2013-03-27','2013-03-27',886),(29283210,'tt0286244',8,'2013-03-27','2013-03-27',887),(29283210,'tt0344510',8,'2013-03-27','2013-03-27',888),(29283210,'tt1343097',8,'2013-03-27','2013-03-27',889),(29283210,'tt0385307',5,'2013-03-27','2013-03-27',890),(29283210,'tt0114887',8,'2013-03-27','2013-03-27',891),(29283210,'tt0120179',4,'2013-03-27','2013-03-27',892),(29283210,'tt0482088',7,'2013-03-27','2013-03-27',893),(29283210,'tt1568346',7,'2013-03-27','2013-03-27',894),(29283210,'tt0878804',9,'2013-03-27','2013-03-27',895),(29283210,'tt0375679',8,'2013-03-27','2013-03-27',896),(29283210,'tt1192628',8,'2013-03-27','2013-03-27',897),(29283210,'tt0478304',5,'2013-03-27','2013-03-27',898),(29283210,'tt1655442',9,'2013-03-27','2013-03-27',899),(29283210,'tt1132620',9,'2013-03-27','2013-03-27',900),(29283210,'tt0360486',6,'2013-03-27','2013-03-27',901),(29283210,'tt1655420',8,'2013-03-27','2013-03-27',902),(29283210,'tt0212346',7,'2013-03-27','2013-03-27',903),(29283210,'tt0111257',8,'2013-03-27','2013-03-27',904),(29283210,'tt1216487',7,'2013-03-27','2013-03-27',905),(29283210,'tt0107616',8,'2013-03-27','2013-03-27',906),(29283210,'tt0373690',7,'2013-03-26','2013-03-26',907),(29283210,'tt0164961',8,'2013-03-26','2013-03-26',908),(29283210,'tt0058450',9,'2013-03-26','2013-03-26',909),(29283210,'tt1440232',6,'2013-03-26','2013-03-26',910),(29283210,'tt0364517',10,'2013-03-26','2013-03-26',911),(29283210,'tt0342735',7,'2013-03-26','2013-03-26',912),(29283210,'tt0443272',9,'2013-03-26','2013-03-26',913),(29283210,'tt0076759',9,'2013-03-26','2013-03-26',914),(29283210,'tt0477348',9,'2013-03-26','2013-03-26',915),(29283210,'tt0988045',8,'2013-03-26','2013-03-26',916),(29283210,'tt1007028',8,'2013-03-26','2013-03-26',917),(29283210,'tt0080684',9,'2013-03-26','2013-03-26',918),(29283210,'tt1515091',8,'2013-03-26','2013-03-26',919),(29283210,'tt0970179',9,'2013-03-26','2013-03-26',920),(29283210,'tt0212720',8,'2013-03-26','2013-03-26',921),(29283210,'tt0086190',9,'2013-03-26','2013-03-26',922),(29283210,'tt1054606',7,'2013-03-26','2013-03-26',923),(29283210,'tt0119654',9,'2013-03-26','2013-03-26',924),(29283210,'tt0119177',8,'2013-03-26','2013-03-26',925),(29283210,'tt0097576',9,'2013-03-26','2013-03-26',926),(29283210,'tt0120912',6,'2013-03-26','2013-03-26',927),(29283210,'tt2053425',7,'2013-03-26','2013-03-26',928),(29283210,'tt0116209',10,'2013-03-26','2013-03-26',929),(29283210,'tt0087469',8,'2013-03-26','2013-03-26',930),(29283210,'tt0106977',8,'2013-03-26','2013-03-26',931),(29283210,'tt1164999',7,'2013-03-26','2013-03-26',932),(29283210,'tt0450188',8,'2013-03-26','2013-03-26',933),(29283210,'tt0484740',6,'2013-03-26','2013-03-26',934),(29283210,'tt0034583',9,'2013-03-25','2013-03-25',935),(29283210,'tt0274117',8,'2013-03-24','2013-03-24',936),(29283210,'tt0101026',7,'2013-03-24','2013-03-24',937),(29283210,'tt0283900',8,'2013-03-24','2013-03-24',938),(29283210,'tt0247196',8,'2013-03-24','2013-03-24',939),(29283210,'tt0362225',8,'2013-03-24','2013-03-24',940),(29283210,'tt0238112',8,'2013-03-24','2013-03-24',941),(29283210,'tt0244970',7,'2013-03-24','2013-03-24',942),(29283210,'tt1259014',8,'2013-03-24','2013-03-24',943),(29283210,'tt0411272',8,'2013-03-24','2013-03-24',944),(29283210,'tt0926759',7,'2013-03-24','2013-03-24',945),(29283210,'tt0109830',10,'2013-03-24','2013-03-24',946),(29283210,'tt0314331',10,'2013-03-24','2013-03-24',947),(29283210,'tt0099685',9,'2013-03-24','2013-03-24',948),(29283210,'tt1637688',7,'2013-03-24','2013-03-24',949),(29283210,'tt0172495',9,'2013-03-24','2013-03-24',950),(29283210,'tt0372784',9,'2013-03-24','2013-03-24',951),(29283210,'tt0947798',10,'2013-03-24','2013-03-24',952),(29283210,'tt0268978',10,'2013-03-24','2013-03-24',953),(29283210,'tt0120689',9,'2013-03-24','2013-03-24',954),(29283210,'tt0414387',8,'2013-03-24','2013-03-24',955),(29283210,'tt0120903',8,'2013-03-24','2013-03-24',956),(29283210,'tt0405159',10,'2013-03-24','2013-03-24',957),(29283210,'tt1411238',7,'2013-03-24','2013-03-24',958),(29283210,'tt1210166',8,'2013-03-24','2013-03-24',959),(29283210,'tt0783233',9,'2013-03-24','2013-03-24',960),(29283210,'tt0264464',8,'2013-03-24','2013-03-24',961),(29283210,'tt0119116',8,'2013-03-24','2013-03-24',962),(29283210,'tt1152836',7,'2013-03-24','2013-03-24',963),(29283210,'tt1509767',4,'2013-03-24','2013-03-24',964),(29283210,'tt0443543',9,'2013-03-24','2013-03-24',965),(29283210,'tt1504320',9,'2013-03-24','2013-03-24',966),(29283210,'tt1340800',8,'2013-03-24','2013-03-24',967),(29283210,'tt0497465',8,'2013-03-24','2013-03-24',968),(29283210,'tt0431308',9,'2013-03-24','2013-03-24',969),(29283210,'tt0290673',8,'2013-03-24','2013-03-24',970),(29283210,'tt0338526',7,'2013-03-24','2013-03-24',971),(29283210,'tt1571222',7,'2013-03-24','2013-03-24',972),(29283210,'tt0381849',8,'2013-03-24','2013-03-24',973),(29283210,'tt0119094',8,'2013-03-24','2013-03-24',974),(29283210,'tt0362227',9,'2013-03-24','2013-03-24',975),(29283210,'tt0765443',8,'2013-03-24','2013-03-24',976),(29283210,'tt0187078',7,'2013-03-24','2013-03-24',977),(29283210,'tt0399295',7,'2013-03-24','2013-03-24',978),(29283210,'tt0138097',9,'2013-03-24','2013-03-24',979),(29283210,'tt1057500',8,'2013-03-24','2013-03-24',980),(29283210,'tt0401711',9,'2013-03-24','2013-03-24',981),(29283210,'tt1872818',7,'2013-03-24','2013-03-24',982),(29283210,'tt0401383',8,'2013-03-24','2013-03-24',983),(29283210,'tt0352248',8,'2013-03-24','2013-03-24',984),(29283210,'tt1235124',7,'2013-03-24','2013-03-24',985),(29283210,'tt0335119',8,'2013-03-24','2013-03-24',986),(29283210,'tt0119468',7,'2013-03-24','2013-03-24',987),(29283210,'tt0808399',7,'2013-03-24','2013-03-24',988),(29283210,'tt0387877',6,'2013-03-24','2013-03-24',989),(29283210,'tt0120679',8,'2013-03-24','2013-03-24',990),(29283210,'tt1038919',6,'2013-03-24','2013-03-24',991),(29283210,'tt0402894',7,'2013-03-24','2013-03-24',992),(29283210,'tt0118607',8,'2013-03-24','2013-03-24',993),(29283210,'tt0110367',8,'2013-03-24','2013-03-24',994),(29283210,'tt0457513',8,'2013-03-24','2013-03-24',995),(29283210,'tt0114214',8,'2013-03-24','2013-03-24',996),(29283210,'tt0187393',8,'2013-03-23','2013-03-23',997),(29283210,'tt0093409',8,'2013-03-23','2013-03-23',998),(29283210,'tt0110478',8,'2013-03-23','2013-03-23',999),(29283210,'tt0468569',9,'2013-03-21','2013-03-21',1000),(29283210,'tt0066921',10,'2013-03-21','2013-03-21',1001),(29283210,'tt0407887',9,'2013-03-21','2013-03-21',1002),(29283210,'tt0180093',10,'2013-03-21','2013-03-21',1003),(29283210,'tt0169547',9,'2013-03-21','2013-03-21',1004),(29283210,'tt0133093',9,'2013-03-21','2013-03-21',1005),(29283210,'tt1675434',9,'2013-03-21','2013-03-21',1006),(29283210,'tt0482571',9,'2013-03-21','2013-03-21',1007),(29283210,'tt0120815',8,'2013-03-21','2013-03-21',1008),(29283210,'tt0114369',9,'2013-03-21','2013-03-21',1009),(29283210,'tt0105236',8,'2013-03-21','2013-03-21',1010),(29283210,'tt0338013',10,'2013-03-21','2013-03-21',1011),(29283210,'tt0112573',10,'2013-03-21','2013-03-21',1012),(29283210,'tt0082971',10,'2013-03-21','2013-03-21',1013),(29283210,'tt0253474',9,'2013-03-21','2013-03-21',1014),(29283210,'tt0211915',10,'2013-03-21','2013-03-21',1015),(29283210,'tt0118799',10,'2013-03-21','2013-03-21',1016),(29283210,'tt0405094',10,'2013-03-21','2013-03-21',1017),(29283210,'tt0095765',10,'2013-03-21','2013-03-21',1018),(29283210,'tt0869994',7,'2013-03-19','2013-03-19',1019),(29283210,'tt0040522',7,'2013-03-19','2013-03-19',1020),(29283210,'tt0107151',7,'2013-03-19','2013-03-19',1021),(29283210,'tt0990361',7,'2013-03-19','2013-03-19',1022),(29283210,'tt1345836',9,'2013-03-19','2013-03-19',1023),(29283210,'tt0120663',7,'2013-03-19','2013-03-19',1024),(29283210,'tt0361748',10,'2013-03-19','2013-03-19',1025),(29283210,'tt1659337',8,'2013-03-19','2013-03-19',1026),(29283210,'tt1446714',8,'2013-03-19','2013-03-19',1027),(29283210,'tt1707386',7,'2013-03-19','2013-03-19',1028),(29283210,'tt1673434',7,'2013-03-19','2013-03-19',1029),(29283210,'tt1099212',7,'2013-03-19','2013-03-19',1030),(29283210,'tt0416449',8,'2013-03-19','2013-03-19',1031),(29283210,'tt1735898',7,'2013-03-19','2013-03-19',1032),(29283210,'tt0266697',8,'2013-03-19','2013-03-19',1033),(29283210,'tt0758752',7,'2013-03-19','2013-03-19',1034),(29283210,'tt1563738',7,'2013-03-19','2013-03-19',1035),(29283210,'tt1324999',4,'2013-03-19','2013-03-19',1036),(29283210,'tt0458352',7,'2013-03-19','2013-03-19',1037),(29283210,'tt0378194',8,'2013-03-19','2013-03-19',1038),(29283210,'tt0159365',7,'2013-03-19','2013-03-19',1039),(29283210,'tt1667353',6,'2013-03-19','2013-03-19',1040),(29283210,'tt0910970',9,'2013-03-19','2013-03-19',1041),(29283210,'tt0203009',8,'2013-03-19','2013-03-19',1042),(29283210,'tt1259571',5,'2013-03-19','2013-03-19',1043),(29283210,'tt0795421',7,'2013-03-19','2013-03-19',1044),(29283210,'tt1197624',7,'2013-03-19','2013-03-19',1045),(29283210,'tt0116695',8,'2013-03-19','2013-03-19',1046),(29283210,'tt0100405',8,'2013-03-19','2013-03-19',1047),(29283210,'tt0349903',7,'2013-03-19','2013-03-19',1048),(29283210,'tt0243155',8,'2013-03-19','2013-03-19',1049),(29283210,'tt1325004',6,'2013-03-19','2013-03-19',1050),(29283210,'tt0340855',8,'2013-03-19','2013-03-19',1051),(29283210,'tt0376541',8,'2013-03-19','2013-03-19',1052),(29283210,'tt0230600',8,'2013-03-19','2013-03-19',1053),(29283210,'tt0125439',7,'2013-03-19','2013-03-19',1054),(29283210,'tt0118971',7,'2013-03-19','2013-03-19',1055),(29283210,'tt0299658',8,'2013-03-19','2013-03-19',1056),(29283210,'tt0247638',6,'2013-03-19','2013-03-19',1057),(29283210,'tt1625346',6,'2013-03-19','2013-03-19',1058),(29283210,'tt0875034',5,'2013-03-19','2013-03-19',1059),(29283210,'tt0195685',8,'2013-03-19','2013-03-19',1060),(29283210,'tt0276919',10,'2013-03-19','2013-03-19',1061),(29283210,'tt0084707',7,'2013-03-19','2013-03-19',1062),(29283210,'tt0317198',7,'2013-03-19','2013-03-19',1063),(29283210,'tt0119738',6,'2013-03-19','2013-03-19',1064),(29283210,'tt0230838',7,'2013-03-19','2013-03-19',1065),(29283210,'tt1007029',7,'2013-03-19','2013-03-19',1066),(29283210,'tt0079417',7,'2013-03-19','2013-03-19',1067),(29283210,'tt0384566',9,'2013-03-19','2013-03-19',1068),(29283210,'tt1797348',4,'2013-03-15','2013-03-15',1069),(29283210,'tt1605783',9,'2013-03-13','2013-03-13',1070),(29283210,'tt1859650',7,'2013-03-13','2013-03-13',1071),(29283210,'tt0075686',9,'2013-03-13','2013-03-13',1072),(29283210,'tt1931470',9,'2013-03-11','2013-03-11',1073),(29283210,'tt0111161',10,'2013-03-11','2013-03-11',1074),(29283210,'tt1024648',9,'2013-03-11','2013-03-11',1075),(29283210,'tt1853728',10,'2013-03-11','2013-03-11',1076),(29283210,'tt1375666',10,'2013-03-11','2013-03-11',1077),(29283210,'tt0110912',10,'2013-03-11','2013-03-11',1078),(29283210,'tt0137523',9,'2013-03-11','2013-03-11',1079),(29283210,'tt0108052',10,'2013-03-11','2013-03-11',1080),(29283210,'tt0317248',10,'2013-03-11','2013-03-11',1081),(29283210,'tt0209144',9,'2013-03-11','2013-03-11',1082),(29283210,'tt0114814',10,'2013-03-11','2013-03-11',1083),(29283210,'tt0110413',10,'2013-03-11','2013-03-11',1084),(29283210,'tt0358273',7,'2013-03-11','2013-03-11',1085),(29283210,'tt0120586',10,'2012-06-17','2012-06-17',1086),(29283210,'tt0060196',10,'2012-06-17','2012-06-17',1087),(29283210,'tt0388795',9,'2011-12-30','2011-12-30',1088),(32635788,'tt0312549',8,'2013-10-14','2013-10-14',1089),(32635788,'tt0111161',10,'2013-10-14','2013-10-14',1090),(32635788,'tt1375666',9,'2013-10-14','2013-10-14',1091),(32635788,'tt0241527',7,'2013-10-14','2013-10-14',1092),(32635788,'tt1259521',9,'2013-10-14','2013-10-14',1093),(32635788,'tt1250777',8,'2013-10-14','2013-10-14',1094),(32635788,'tt0110357',10,'2013-10-14','2013-10-14',1095),(32635788,'tt0172495',10,'2013-10-14','2013-10-14',1096),(32635788,'tt0409459',9,'2013-10-14','2013-10-14',1097),(32635788,'tt1219289',10,'2013-10-14','2013-10-14',1098),(32635788,'tt1156398',9,'2013-10-14','2013-10-14',1099),(32635788,'tt0120903',9,'2013-10-14','2013-10-14',1100),(32635788,'tt1542344',10,'2013-10-14','2013-10-14',1101),(32635788,'tt1403865',9,'2013-10-14','2013-10-14',1102),(32635788,'tt0325710',10,'2013-10-14','2013-10-14',1103),(32635788,'tt0420223',9,'2013-10-14','2013-10-14',1104),(32635788,'tt0140352',9,'2013-10-14','2013-10-14',1105),(32635788,'tt0977855',9,'2013-10-14','2013-10-14',1106),(32635788,'tt0903747',10,'2013-10-13','2013-10-13',1107),(32635788,'tt1979320',9,'2013-10-13','2013-10-13',1108),(32635788,'tt1535109',9,'2013-10-13','2013-10-13',1109),(32635788,'tt0898266',10,'2013-10-13','2013-10-13',1110),(32635788,'tt2234155',7,'2013-10-13','2013-10-13',1111),(32635788,'tt1343092',8,'2013-10-13','2013-10-13',1112),(32635788,'tt0848228',9,'2013-10-13','2013-10-13',1113),(32635788,'tt1905041',5,'2013-10-13','2013-10-13',1114),(32635788,'tt0348150',5,'2013-10-13','2013-10-13',1115),(32635788,'tt1454468',10,'2013-10-07','2013-10-07',1116),(32635788,'tt1392214',9,'2013-10-07','2013-10-07',1117),(32635788,'tt1245492',8,'2013-10-07','2013-10-07',1118),(32635788,'tt1535108',8,'2013-10-07','2013-10-07',1119),(32635788,'tt2404311',7,'2013-10-07','2013-10-07',1120),(32635788,'tt1343727',5,'2013-10-07','2013-10-07',1121),(32635788,'tt0338013',9,'2013-09-29','2013-09-29',1122),(32635788,'tt1862079',7,'2013-09-29','2013-09-29',1123),(32635788,'tt1588334',5,'2013-09-29','2013-09-29',1124),(32635788,'tt1656192',7,'2013-09-28','2013-09-28',1125),(32635788,'tt1327773',8,'2013-09-22','2013-09-22',1126),(32635788,'tt0120762',9,'2013-07-29','2013-07-29',1127),(32635788,'tt0129387',8,'2013-07-29','2013-07-29',1128),(32635788,'tt1663662',7,'2013-07-27','2013-07-27',1129),(32635788,'tt1430132',5,'2013-07-27','2013-07-27',1130),(32635788,'tt1270262',8,'2013-07-21','2013-07-21',1131),(32635788,'tt0284490',1,'2013-07-17','2013-07-17',1132),(32635788,'tt0450232',9,'2013-07-17','2013-07-17',1133),(32635788,'tt0267804',7,'2013-07-17','2013-07-17',1134),(32635788,'tt0035423',5,'2013-07-17','2013-07-17',1135),(32635788,'tt0892255',8,'2013-07-17','2013-07-17',1136),(32635788,'tt0988047',8,'2013-07-17','2013-07-17',1137),(32635788,'tt0800241',8,'2013-07-17','2013-07-17',1138),(32635788,'tt0120787',9,'2013-07-17','2013-07-17',1139),(32635788,'tt0144528',1,'2013-07-17','2013-07-17',1140),(32635788,'tt0408345',6,'2013-07-17','2013-07-17',1141),(32635788,'tt0374569',8,'2013-07-17','2013-07-17',1142),(32635788,'tt1288403',1,'2013-07-17','2013-07-17',1143),(32635788,'tt1408101',9,'2013-07-17','2013-07-17',1144),(32635788,'tt1270798',9,'2013-07-17','2013-07-17',1145),(32635788,'tt0796366',9,'2013-07-17','2013-07-17',1146),(32635788,'tt1583421',7,'2013-07-17','2013-07-17',1147),(32635788,'tt0372784',9,'2013-07-17','2013-07-17',1148),(32635788,'tt0117509',7,'2013-07-17','2013-07-17',1149),(32635788,'tt1077368',1,'2013-07-17','2013-07-17',1150),(32635788,'tt1228705',8,'2013-07-17','2013-07-17',1151),(32635788,'tt0758758',9,'2013-07-17','2013-07-17',1152),(32635788,'tt0364725',8,'2013-07-17','2013-07-17',1153),(32635788,'tt1014759',8,'2013-07-17','2013-07-17',1154),(32635788,'tt0162661',8,'2013-07-17','2013-07-17',1155),(32635788,'tt0198781',10,'2013-07-17','2013-07-17',1156),(32635788,'tt0878804',9,'2013-07-17','2013-07-17',1157),(32635788,'tt0296572',5,'2013-07-17','2013-07-17',1158),(32635788,'tt0266697',10,'2013-07-17','2013-07-17',1159),(32635788,'tt0936501',9,'2013-07-17','2013-07-17',1160),(32635788,'tt0113497',8,'2013-07-17','2013-07-17',1161),(32635788,'tt0418279',9,'2013-07-17','2013-07-17',1162),(32635788,'tt0408236',7,'2013-07-17','2013-07-17',1163),(32635788,'tt0090605',10,'2013-07-17','2013-07-17',1164),(32635788,'tt1649419',10,'2013-07-17','2013-07-17',1165),(32635788,'tt0145487',9,'2013-07-17','2013-07-17',1166),(32635788,'tt0814255',1,'2013-07-17','2013-07-17',1167),(32635788,'tt0405159',10,'2013-07-17','2013-07-17',1168),(32635788,'tt0473075',9,'2013-07-17','2013-07-17',1169),(32635788,'tt1049413',10,'2013-07-17','2013-07-17',1170),(32635788,'tt0376994',8,'2013-07-17','2013-07-17',1171),(32635788,'tt0240772',9,'2013-07-17','2013-07-17',1172),(32635788,'tt0120667',7,'2013-07-17','2013-07-17',1173),(32635788,'tt0264464',9,'2013-07-17','2013-07-17',1174),(32635788,'tt0211915',9,'2013-07-17','2013-07-17',1175),(32635788,'tt0790628',8,'2013-07-17','2013-07-17',1176),(32635788,'tt0114709',10,'2013-07-17','2013-07-17',1177),(32635788,'tt0892782',6,'2013-07-17','2013-07-17',1178),(32635788,'tt0031381',10,'2013-07-17','2013-07-17',1179),(32635788,'tt0061722',9,'2013-07-17','2013-07-17',1180),(32635788,'tt0964517',9,'2013-07-17','2013-07-17',1181),(32635788,'tt0363771',6,'2013-07-17','2013-07-17',1182),(32635788,'tt0102057',8,'2013-07-17','2013-07-17',1183),(32635788,'tt1152836',8,'2013-07-17','2013-07-17',1184),(32635788,'tt0099487',9,'2013-07-17','2013-07-17',1185),(32635788,'tt0328107',9,'2013-07-17','2013-07-17',1186),(32635788,'tt0486655',7,'2013-07-17','2013-07-17',1187),(32635788,'tt0112641',9,'2013-07-17','2013-07-17',1188),(32635788,'tt0120591',8,'2013-07-17','2013-07-17',1189),(32635788,'tt0093870',8,'2013-07-17','2013-07-17',1190),(32635788,'tt0099674',8,'2013-07-17','2013-07-17',1191),(32635788,'tt0117665',10,'2013-07-17','2013-07-17',1192),(32635788,'tt0489099',1,'2013-07-17','2013-07-17',1193),(32635788,'tt0319262',9,'2013-07-17','2013-07-17',1194),(32635788,'tt0486576',1,'2013-07-17','2013-07-17',1195),(32635788,'tt1601913',1,'2013-07-17','2013-07-17',1196),(32635788,'tt0955308',8,'2013-07-17','2013-07-17',1197),(32635788,'tt1458175',8,'2013-07-17','2013-07-17',1198),(32635788,'tt0316654',9,'2013-07-17','2013-07-17',1199),(32635788,'tt0126029',10,'2013-07-17','2013-07-17',1200),(32635788,'tt0120660',9,'2013-07-17','2013-07-17',1201),(32635788,'tt1318514',9,'2013-07-17','2013-07-17',1202),(32635788,'tt0780536',8,'2013-07-17','2013-07-17',1203),(32635788,'tt0376136',8,'2013-07-17','2013-07-17',1204),(32635788,'tt0472043',8,'2013-07-17','2013-07-17',1205),(32635788,'tt0449467',9,'2013-07-17','2013-07-17',1206),(32635788,'tt0103776',9,'2013-07-17','2013-07-17',1207),(32635788,'tt0245844',9,'2013-07-17','2013-07-17',1208),(32635788,'tt0099653',7,'2013-07-17','2013-07-17',1209),(32635788,'tt0083987',9,'2013-07-17','2013-07-17',1210),(32635788,'tt0110475',9,'2013-07-17','2013-07-17',1211),(32635788,'tt0242653',6,'2013-07-17','2013-07-17',1212),(32635788,'tt0119822',10,'2013-07-17','2013-07-17',1213),(32635788,'tt0287978',5,'2013-07-17','2013-07-17',1214),(32635788,'tt0825232',10,'2013-07-17','2013-07-17',1215),(32635788,'tt1220634',1,'2013-07-17','2013-07-17',1216),(32635788,'tt0120363',8,'2013-07-17','2013-07-17',1217),(32635788,'tt0980970',7,'2013-07-17','2013-07-17',1218),(32635788,'tt0443274',8,'2013-07-17','2013-07-17',1219),(32635788,'tt0399146',9,'2013-07-17','2013-07-17',1220),(32635788,'tt0111257',9,'2013-07-17','2013-07-17',1221),(32635788,'tt0410297',7,'2013-07-17','2013-07-17',1222),(32635788,'tt0318627',7,'2013-07-17','2013-07-17',1223),(32635788,'tt0120791',7,'2013-07-17','2013-07-17',1224),(32635788,'tt0385752',1,'2013-07-17','2013-07-17',1225),(32635788,'tt0455590',10,'2013-07-17','2013-07-17',1226),(32635788,'tt0315733',9,'2013-07-17','2013-07-17',1227),(32635788,'tt0486822',9,'2013-07-17','2013-07-17',1228),(32635788,'tt1216487',9,'2013-07-17','2013-07-17',1229),(32635788,'tt0113627',9,'2013-07-17','2013-07-17',1230),(32635788,'tt0352248',9,'2013-07-17','2013-07-17',1231),(32635788,'tt0298148',9,'2013-07-17','2013-07-17',1232),(32635788,'tt0986263',8,'2013-07-17','2013-07-17',1233),(32635788,'tt0195685',9,'2013-07-17','2013-07-17',1234),(32635788,'tt0274558',9,'2013-07-17','2013-07-17',1235),(32635788,'tt0106489',9,'2013-07-17','2013-07-17',1236),(32635788,'tt0432021',8,'2013-07-17','2013-07-17',1237),(32635788,'tt0367959',1,'2013-07-17','2013-07-17',1238),(32635788,'tt0248667',7,'2013-07-17','2013-07-17',1239),(32635788,'tt0120744',9,'2013-07-17','2013-07-17',1240),(32635788,'tt0914863',10,'2013-07-17','2013-07-17',1241),(32635788,'tt0343737',9,'2013-07-17','2013-07-17',1242),(32635788,'tt0120679',8,'2013-07-17','2013-07-17',1243),(32635788,'tt0207201',9,'2013-07-17','2013-07-17',1244),(32635788,'tt0479952',7,'2013-07-17','2013-07-17',1245),(32635788,'tt0821640',1,'2013-07-17','2013-07-17',1246),(32635788,'tt1289406',8,'2013-07-17','2013-07-17',1247),(32635788,'tt0316356',9,'2013-07-17','2013-07-17',1248),(32635788,'tt0490204',9,'2013-07-17','2013-07-17',1249),(32635788,'tt0327554',1,'2013-07-17','2013-07-17',1250),(32635788,'tt0120102',8,'2013-07-17','2013-07-17',1251),(32635788,'tt0445990',7,'2013-07-17','2013-07-17',1252),(32635788,'tt0366627',6,'2013-07-17','2013-07-17',1253),(32635788,'tt0498399',8,'2013-07-17','2013-07-17',1254),(32635788,'tt0181536',9,'2013-07-17','2013-07-17',1255),(32635788,'tt0122151',5,'2013-07-17','2013-07-17',1256),(32635788,'tt0400717',6,'2013-07-17','2013-07-17',1257),(32635788,'tt0108002',8,'2013-07-17','2013-07-17',1258),(32635788,'tt0174856',9,'2013-07-17','2013-07-17',1259),(32635788,'tt0364961',9,'2013-07-16','2013-07-16',1260),(32635788,'tt1286537',9,'2013-07-16','2013-07-16',1261),(32635788,'tt1114740',1,'2013-07-16','2013-07-16',1262),(32635788,'tt0105698',1,'2013-07-16','2013-07-16',1263),(32635788,'tt0313542',9,'2013-07-16','2013-07-16',1264),(32635788,'tt0279493',1,'2013-07-16','2013-07-16',1265),(32635788,'tt0401997',9,'2013-07-16','2013-07-16',1266),(32635788,'tt0120873',7,'2013-07-16','2013-07-16',1267),(32635788,'tt0110622',7,'2013-07-16','2013-07-16',1268),(32635788,'tt0259288',1,'2013-07-16','2013-07-16',1269),(32635788,'tt1300854',9,'2013-07-16','2013-07-16',1270),(32635788,'tt0481499',7,'2013-07-16','2013-07-16',1271),(32635788,'tt1588173',1,'2013-07-16','2013-07-16',1272),(32635788,'tt1758830',7,'2013-07-16','2013-07-16',1273),(32635788,'tt1045658',9,'2013-07-16','2013-07-16',1274),(32635788,'tt0110912',10,'2013-07-16','2013-07-16',1275),(32635788,'tt1133985',7,'2013-07-16','2013-07-16',1276),(32635788,'tt1935179',9,'2013-07-16','2013-07-16',1277),(32635788,'tt2053463',9,'2013-07-16','2013-07-16',1278),(32635788,'tt0499549',9,'2013-07-16','2013-07-16',1279),(32635788,'tt0120737',9,'2013-07-16','2013-07-16',1280),(32635788,'tt1478338',5,'2013-07-16','2013-07-16',1281),(32635788,'tt0332280',10,'2013-07-16','2013-07-16',1282),(32635788,'tt0443272',10,'2013-07-16','2013-07-16',1283),(32635788,'tt1232829',8,'2013-07-16','2013-07-16',1284),(32635788,'tt0099685',9,'2013-07-16','2013-07-16',1285),(32635788,'tt0266543',10,'2013-07-16','2013-07-16',1286),(32635788,'tt0482571',8,'2013-07-16','2013-07-16',1287),(32635788,'tt1790885',10,'2013-07-16','2013-07-16',1288),(32635788,'tt1298650',5,'2013-07-16','2013-07-16',1289),(32635788,'tt1637688',6,'2013-07-16','2013-07-16',1290),(32635788,'tt0246578',9,'2013-07-16','2013-07-16',1291),(32635788,'tt1212450',9,'2013-07-16','2013-07-16',1292),(32635788,'tt1637725',7,'2013-07-16','2013-07-16',1293),(32635788,'tt0942385',7,'2013-07-16','2013-07-16',1294),(32635788,'tt0434409',9,'2013-07-16','2013-07-16',1295),(32635788,'tt0477348',9,'2013-07-16','2013-07-16',1296),(32635788,'tt0454876',10,'2013-07-16','2013-07-16',1297),(32635788,'tt0325980',9,'2013-07-16','2013-07-16',1298),(32635788,'tt1855199',10,'2013-07-16','2013-07-16',1299),(32635788,'tt0947798',10,'2013-07-16','2013-07-16',1300),(32635788,'tt0449088',7,'2013-07-16','2013-07-16',1301),(32635788,'tt0371746',10,'2013-07-16','2013-07-16',1302),(32635788,'tt1650062',9,'2013-07-16','2013-07-16',1303),(32635788,'tt0208092',9,'2013-07-16','2013-07-16',1304),(32635788,'tt0268978',10,'2013-07-16','2013-07-16',1305),(32635788,'tt1285016',10,'2013-07-16','2013-07-16',1306),(32635788,'tt0116629',7,'2013-07-16','2013-07-16',1307),(32635788,'tt0093773',8,'2013-07-16','2013-07-16',1308),(32635788,'tt0119217',10,'2013-07-16','2013-07-16',1309),(32635788,'tt1904996',1,'2013-07-16','2013-07-16',1310),(32635788,'tt1464540',1,'2013-07-16','2013-07-16',1311),(32635788,'tt0086250',9,'2013-07-16','2013-07-16',1312),(32635788,'tt0401729',6,'2013-07-16','2013-07-16',1313),(32635788,'tt0800080',8,'2013-07-16','2013-07-16',1314),(32635788,'tt0840361',9,'2013-07-16','2013-07-16',1315),(32635788,'tt0383574',8,'2013-07-16','2013-07-16',1316),(32635788,'tt0800320',5,'2013-07-16','2013-07-16',1317),(32635788,'tt1564585',1,'2013-07-16','2013-07-16',1318),(32635788,'tt0112573',10,'2013-07-16','2013-07-16',1319),(32635788,'tt1136608',10,'2013-07-16','2013-07-16',1320),(32635788,'tt0120616',8,'2013-07-16','2013-07-16',1321),(32635788,'tt0167404',9,'2013-07-16','2013-07-16',1322),(32635788,'tt1245526',8,'2013-07-16','2013-07-16',1323),(32635788,'tt0109686',8,'2013-07-16','2013-07-16',1324),(32635788,'tt0429493',5,'2013-07-16','2013-07-16',1325),(32635788,'tt0399201',7,'2013-07-16','2013-07-16',1326),(32635788,'tt1596350',1,'2013-07-16','2013-07-16',1327),(32635788,'tt1386588',7,'2013-07-16','2013-07-16',1328),(32635788,'tt0814314',8,'2013-07-16','2013-07-16',1329),(32635788,'tt0388795',8,'2013-07-16','2013-07-16',1330),(32635788,'tt1667889',7,'2013-07-16','2013-07-16',1331),(32635788,'tt0433035',7,'2013-07-16','2013-07-16',1332),(32635788,'tt1182345',10,'2013-07-16','2013-07-16',1333),(32635788,'tt0421715',8,'2013-07-16','2013-07-16',1334),(32635788,'tt1648179',1,'2013-07-16','2013-07-16',1335),(32635788,'tt0232500',7,'2013-07-16','2013-07-16',1336),(32635788,'tt1205489',9,'2013-07-16','2013-07-16',1337),(32635788,'tt0448157',8,'2013-07-16','2013-07-16',1338),(32635788,'tt1193138',9,'2013-07-16','2013-07-16',1339),(32635788,'tt0095953',10,'2013-07-16','2013-07-16',1340),(32635788,'tt0120804',8,'2013-07-16','2013-07-16',1341),(32635788,'tt0289043',8,'2013-07-16','2013-07-16',1342),(32635788,'tt0095016',9,'2013-07-16','2013-07-16',1343),(32635788,'tt1598778',9,'2013-07-16','2013-07-16',1344),(32635788,'tt0088247',9,'2013-07-16','2013-07-16',1345),(32635788,'tt0317740',8,'2013-07-16','2013-07-16',1346),(32635788,'tt0212985',9,'2013-07-16','2013-07-16',1347),(32635788,'tt0327056',9,'2013-07-16','2013-07-16',1348),(32635788,'tt1298649',1,'2013-07-16','2013-07-16',1349),(32635788,'tt0360717',7,'2013-07-16','2013-07-16',1350),(32635788,'tt0120382',9,'2013-07-16','2013-07-16',1351),(32635788,'tt0238380',8,'2013-07-16','2013-07-16',1352),(32635788,'tt0167190',9,'2013-07-16','2013-07-16',1353),(32635788,'tt1646987',5,'2013-07-16','2013-07-16',1354),(32635788,'tt0159365',8,'2013-07-16','2013-07-16',1355),(32635788,'tt0162222',9,'2013-07-16','2013-07-16',1356),(32635788,'tt1568338',7,'2013-07-16','2013-07-16',1357),(32635788,'tt0765429',9,'2013-07-16','2013-07-16',1358),(32635788,'tt0209163',6,'2013-07-16','2013-07-16',1359),(32635788,'tt0164334',6,'2013-07-16','2013-07-16',1360),(32635788,'tt0187393',9,'2013-07-16','2013-07-16',1361),(32635788,'tt0438488',7,'2013-07-16','2013-07-16',1362),(32635788,'tt1032755',7,'2013-07-16','2013-07-16',1363),(32635788,'tt1389096',6,'2013-07-16','2013-07-16',1364),(32635788,'tt0317919',7,'2013-07-16','2013-07-16',1365),(32635788,'tt0884328',8,'2013-07-16','2013-07-16',1366),(32635788,'tt0411477',8,'2013-07-16','2013-07-16',1367),(32635788,'tt0289765',9,'2013-07-16','2013-07-16',1368),(32635788,'tt0431308',1,'2013-07-16','2013-07-16',1369),(32635788,'tt0382932',10,'2013-07-16','2013-07-16',1370),(32635788,'tt0289879',1,'2013-07-16','2013-07-16',1371),(32635788,'tt1242460',8,'2013-07-16','2013-07-16',1372),(32635788,'tt1488555',7,'2013-07-16','2013-07-16',1373),(32635788,'tt1615147',8,'2013-07-16','2013-07-16',1374),(32635788,'tt0118880',8,'2013-07-16','2013-07-16',1375),(32635788,'tt0338751',9,'2013-07-16','2013-07-16',1376),(32635788,'tt0758774',8,'2013-07-16','2013-07-16',1377),(32635788,'tt1220719',9,'2013-07-16','2013-07-16',1378),(32635788,'tt0290334',9,'2013-07-16','2013-07-16',1379),(32635788,'tt0349903',9,'2013-07-16','2013-07-16',1380),(32635788,'tt0396171',9,'2013-07-16','2013-07-16',1381),(32635788,'tt1486192',6,'2013-07-16','2013-07-16',1382),(32635788,'tt0496806',8,'2013-07-16','2013-07-16',1383),(32635788,'tt0309698',8,'2013-07-16','2013-07-16',1384),(32635788,'tt0230600',10,'2013-07-16','2013-07-16',1385),(32635788,'tt0181852',7,'2013-07-16','2013-07-16',1386),(32635788,'tt0453467',8,'2013-07-16','2013-07-16',1387),(32635788,'tt0409847',7,'2013-07-16','2013-07-16',1388),(32635788,'tt0337978',8,'2013-07-16','2013-07-16',1389),(32635788,'tt0094226',8,'2013-07-16','2013-07-16',1390),(32635788,'tt0258000',8,'2013-07-16','2013-07-16',1391),(32635788,'tt0268380',9,'2013-07-16','2013-07-16',1392),(32635788,'tt0322259',1,'2013-07-16','2013-07-16',1393),(32635788,'tt0119643',9,'2013-07-16','2013-07-16',1394),(32635788,'tt0110322',8,'2013-07-16','2013-07-16',1395),(32635788,'tt0118971',9,'2013-07-16','2013-07-16',1396),(32635788,'tt0351283',9,'2013-07-16','2013-07-16',1397),(32635788,'tt0441773',9,'2013-07-16','2013-07-16',1398),(32635788,'tt0397892',8,'2013-07-16','2013-07-16',1399),(32635788,'tt0107818',10,'2013-07-16','2013-07-16',1400),(32635788,'tt0119094',8,'2013-07-16','2013-07-16',1401),(32635788,'tt0217869',9,'2013-07-16','2013-07-16',1402),(32635788,'tt1226753',9,'2013-07-16','2013-07-16',1403),(32635788,'tt0488120',8,'2013-07-16','2013-07-16',1404),(32635788,'tt0421239',8,'2013-07-16','2013-07-16',1405),(32635788,'tt0128442',8,'2013-07-16','2013-07-16',1406),(32635788,'tt0116209',9,'2013-07-16','2013-07-16',1407),(32635788,'tt0415306',7,'2013-07-16','2013-07-16',1408),(32635788,'tt0104257',9,'2013-07-16','2013-07-16',1409),(32635788,'tt0241303',7,'2013-07-16','2013-07-16',1410),(32635788,'tt0462499',8,'2013-07-16','2013-07-16',1411),(32635788,'tt0187078',8,'2013-07-16','2013-07-16',1412),(32635788,'tt1028532',9,'2013-07-16','2013-07-16',1413),(32635788,'tt0425210',7,'2013-07-16','2013-07-16',1414),(32635788,'tt0118799',10,'2013-07-16','2013-07-16',1415),(32635788,'tt0473705',9,'2013-07-16','2013-07-16',1416),(32635788,'tt0118884',10,'2013-07-16','2013-07-16',1417),(32635788,'tt0293662',8,'2013-07-16','2013-07-16',1418),(32635788,'tt0278504',8,'2013-07-16','2013-07-16',1419),(32635788,'tt0471042',6,'2013-07-16','2013-07-16',1420),(32635788,'tt0093409',9,'2013-07-16','2013-07-16',1421),(32635788,'tt0120647',7,'2013-07-16','2013-07-16',1422),(32635788,'tt0481369',1,'2013-07-16','2013-07-16',1423),(32635788,'tt0427944',9,'2013-07-16','2013-07-16',1424),(32635788,'tt0425061',6,'2013-07-16','2013-07-16',1425),(32635788,'tt0200465',7,'2013-07-16','2013-07-16',1426),(32635788,'tt0335438',5,'2013-07-16','2013-07-16',1427),(32635788,'tt0112864',7,'2013-07-16','2013-07-16',1428),(32635788,'tt0465551',9,'2013-07-16','2013-07-16',1429),(32635788,'tt0452608',1,'2013-07-16','2013-07-16',1430),(32635788,'tt0244244',7,'2013-07-16','2013-07-16',1431),(32635788,'tt0245712',9,'2013-07-16','2013-07-16',1432),(32635788,'tt0445934',8,'2013-07-16','2013-07-16',1433),(32635788,'tt0305224',7,'2013-07-16','2013-07-16',1434),(32635788,'tt0307453',1,'2013-07-16','2013-07-16',1435),(32635788,'tt0257076',1,'2013-07-16','2013-07-16',1436),(32635788,'tt0134273',6,'2013-07-16','2013-07-16',1437),(32635788,'tt0099423',8,'2013-07-16','2013-07-16',1438),(32635788,'tt0780571',7,'2013-07-16','2013-07-16',1439),(32635788,'tt0388482',5,'2013-07-16','2013-07-16',1440),(32635788,'tt0097742',1,'2013-07-16','2013-07-16',1441),(32635788,'tt1058017',8,'2013-07-16','2013-07-16',1442),(32635788,'tt0486946',5,'2013-07-16','2013-07-16',1443),(32635788,'tt0107207',9,'2013-07-16','2013-07-16',1444),(32635788,'tt0120755',5,'2013-07-16','2013-07-16',1445),(32635788,'tt0227445',6,'2013-07-16','2013-07-16',1446),(32635788,'tt0122690',8,'2013-07-16','2013-07-16',1447),(32635788,'tt1385867',1,'2013-07-16','2013-07-16',1448),(32635788,'tt1179034',8,'2013-07-16','2013-07-16',1449),(32635788,'tt0120347',6,'2013-07-16','2013-07-16',1450),(32635788,'tt1053424',8,'2013-07-16','2013-07-16',1451),(32635788,'tt0183649',9,'2013-07-16','2013-07-16',1452),(32635788,'tt0337921',1,'2013-07-16','2013-07-16',1453),(32635788,'tt0104714',8,'2013-07-16','2013-07-16',1454),(32635788,'tt0266987',7,'2013-07-16','2013-07-16',1455),(32635788,'tt0119683',9,'2013-07-16','2013-07-16',1456),(32635788,'tt1111422',8,'2013-07-16','2013-07-16',1457),(32635788,'tt0096969',8,'2013-07-16','2013-07-16',1458),(32635788,'tt0499556',6,'2013-07-16','2013-07-16',1459),(32635788,'tt0870111',9,'2013-07-16','2013-07-16',1460),(32635788,'tt0112579',10,'2013-07-16','2013-07-16',1461),(32635788,'tt0368008',8,'2013-07-16','2013-07-16',1462),(32635788,'tt0408790',7,'2013-07-16','2013-07-16',1463),(32635788,'tt1135503',9,'2013-07-16','2013-07-16',1464),(32635788,'tt1670345',8,'2013-07-09','2013-07-09',1465),(32635788,'tt0816711',8,'2013-07-09','2013-07-09',1466),(32635788,'tt1623205',6,'2013-07-09','2013-07-09',1467),(32635788,'tt2302755',6,'2013-07-09','2013-07-09',1468),(32635788,'tt1371111',5,'2013-07-09','2013-07-09',1469),(32635788,'tt1323594',9,'2013-07-09','2013-07-09',1470),(32635788,'tt0416449',9,'2013-07-09','2013-07-09',1471),(32635788,'tt1605783',9,'2013-07-09','2013-07-09',1472),(32635788,'tt0265086',7,'2013-07-09','2013-07-09',1473),(32635788,'tt1606378',1,'2013-07-09','2013-07-09',1474),(32635788,'tt0414055',8,'2013-07-09','2013-07-09',1475),(32635788,'tt1815862',1,'2013-07-05','2013-07-05',1476),(32635788,'tt1483013',1,'2013-07-05','2013-07-05',1477),(32635788,'tt0780504',10,'2013-07-05','2013-07-05',1478),(32635788,'tt0114369',10,'2013-07-05','2013-07-05',1479),(32635788,'tt1291584',10,'2013-07-05','2013-07-05',1480),(32635788,'tt1130884',8,'2013-07-05','2013-07-05',1481),(32635788,'tt1931533',10,'2013-07-05','2013-07-05',1482),(32635788,'tt0364569',10,'2013-07-05','2013-07-05',1483),(32635788,'tt0286716',7,'2013-07-05','2013-07-05',1484),(32635788,'tt1132620',8,'2013-07-05','2013-07-05',1485),(32635788,'tt0119174',10,'2013-07-05','2013-07-05',1486),(32635788,'tt0452623',8,'2013-07-05','2013-07-05',1487),(32635788,'tt1990314',8,'2013-07-05','2013-07-05',1488),(32635788,'tt0465538',7,'2013-07-05','2013-07-05',1489),(32635788,'tt0272207',9,'2013-06-19','2013-06-19',1490),(32635788,'tt0770828',9,'2013-06-19','2013-06-19',1491),(32635788,'tt0113277',9,'2013-06-19','2013-06-19',1492),(32635788,'tt0139654',9,'2013-06-19','2013-06-19',1493),(32635788,'tt0454848',8,'2013-06-19','2013-06-19',1494),(32635788,'tt1853728',9,'2012-12-28','2012-12-28',1495),(32635788,'tt0361748',9,'2012-12-28','2012-12-28',1496),(32635788,'tt0790724',7,'2012-12-28','2012-12-28',1497),(32635788,'tt1197624',7,'2012-12-28','2012-12-28',1498),(32635788,'tt0369339',7,'2012-12-28','2012-12-28',1499),(32635788,'tt0350258',9,'2012-12-28','2012-12-28',1500),(32635788,'tt0903624',8,'2012-12-26','2012-12-26',1501),(32635788,'tt1907668',8,'2012-12-26','2012-12-26',1502),(32635788,'tt1074638',9,'2012-12-26','2012-12-26',1503),(32635788,'tt1656190',2,'2012-12-26','2012-12-26',1504),(32635788,'tt0039631',9,'2012-12-12','2012-12-12',1505),(32635788,'tt0015864',10,'2012-12-12','2012-12-12',1506),(32635788,'tt0468569',10,'2012-12-12','2012-12-12',1507),(32635788,'tt0068646',10,'2012-12-12','2012-12-12',1508),(32635788,'tt0109830',10,'2012-12-12','2012-12-12',1509),(32635788,'tt0137523',10,'2012-12-12','2012-12-12',1510),(32635788,'tt0081505',9,'2012-12-12','2012-12-12',1511),(32635788,'tt0054215',9,'2012-12-12','2012-12-12',1512),(32635788,'tt0407887',9,'2012-12-12','2012-12-12',1513),(32635788,'tt0180093',8,'2012-12-12','2012-12-12',1514),(32635788,'tt0133093',10,'2012-12-12','2012-12-12',1515),(32635788,'tt0088763',8,'2012-12-12','2012-12-12',1516),(32635788,'tt0120815',10,'2012-12-12','2012-12-12',1517),(32635788,'tt0071562',10,'2012-12-12','2012-12-12',1518),(32635788,'tt0108052',9,'2012-12-12','2012-12-12',1519),(32635788,'tt0102926',9,'2012-12-12','2012-12-12',1520),(32635788,'tt0105236',9,'2012-12-12','2012-12-12',1521),(32635788,'tt0317248',9,'2012-12-12','2012-12-12',1522),(32635788,'tt0167260',10,'2012-12-12','2012-12-12',1523),(32635788,'tt0078748',8,'2012-12-12','2012-12-12',1524),(32635788,'tt0209144',7,'2012-12-12','2012-12-12',1525),(32635788,'tt0114814',10,'2012-12-12','2012-12-12',1526),(32635788,'tt0110413',9,'2012-12-12','2012-12-12',1527),(32635788,'tt0120689',9,'2012-12-12','2012-12-12',1528),(32635788,'tt0078788',7,'2012-12-12','2012-12-12',1529),(32635788,'tt0103064',8,'2012-12-12','2012-12-12',1530),(32635788,'tt0167261',9,'2012-12-12','2012-12-12',1531),(32635788,'tt0082971',10,'2012-12-12','2012-12-12',1532),(32635788,'tt0075314',8,'2012-12-12','2012-12-12',1533),(32635788,'tt0253474',10,'2012-12-12','2012-12-12',1534),(32635788,'tt0034583',9,'2012-12-12','2012-12-12',1535),(32635788,'tt0119488',8,'2012-12-12','2012-12-12',1536),(32635788,'tt0910970',9,'2012-12-12','2012-12-12',1537),(32635788,'tt0032553',8,'2012-12-12','2012-12-12',1538),(32635788,'tt1615065',3,'2012-12-01','2012-12-01',1539),(32635788,'tt1217209',7,'2012-12-01','2012-12-01',1540),(32635788,'tt1641638',8,'2012-11-12','2012-11-12',1541),(32635788,'tt1392170',8,'2012-11-12','2012-11-12',1542),(32635788,'tt1024648',9,'2012-11-12','2012-11-12',1543),(32635788,'tt0120338',8,'2012-11-12','2012-11-12',1544),(32635788,'tt1632708',6,'2012-11-12','2012-11-12',1545),(32635788,'tt0169547',10,'2012-11-12','2012-11-12',1546),(32635788,'tt0120586',10,'2012-11-12','2012-11-12',1547),(32635788,'tt0829482',8,'2012-11-12','2012-11-12',1548),(32635788,'tt1735898',2,'2012-11-12','2012-11-12',1549),(32635788,'tt0073486',9,'2012-11-12','2012-11-12',1550),(32635788,'tt1229238',8,'2012-11-12','2012-11-12',1551),(32635788,'tt1411697',7,'2012-11-12','2012-11-12',1552),(32635788,'tt1386703',2,'2012-11-12','2012-11-12',1553),(32635788,'tt0335266',9,'2012-11-12','2012-11-12',1554),(32635788,'tt0945513',1,'2012-11-12','2012-11-12',1555),(32635788,'tt1210166',9,'2012-11-12','2012-11-12',1556),(32635788,'tt1409024',5,'2012-11-12','2012-11-12',1557),(32635788,'tt1636826',8,'2012-11-12','2012-11-12',1558),(32635788,'tt0970179',8,'2012-11-12','2012-11-12',1559),(32635788,'tt0838283',7,'2012-11-12','2012-11-12',1560),(32635788,'tt1504320',9,'2012-11-12','2012-11-12',1561),(32635788,'tt0458352',8,'2012-11-12','2012-11-12',1562),(32635788,'tt0993842',7,'2012-11-12','2012-11-12',1563),(32635788,'tt0217505',9,'2012-11-12','2012-11-12',1564),(32635788,'tt1010048',9,'2012-11-12','2012-11-12',1565),(32635788,'tt0497465',8,'2012-11-12','2012-11-12',1566),(32635788,'tt0959337',7,'2012-11-12','2012-11-12',1567),(32635788,'tt1790886',6,'2012-11-12','2012-11-12',1568),(32635788,'tt0480687',1,'2012-11-12','2012-11-12',1569),(32635788,'tt0302886',8,'2012-11-12','2012-11-12',1570),(32635788,'tt0099810',8,'2012-11-12','2012-11-12',1571),(32635788,'tt1231583',4,'2012-11-12','2012-11-12',1572),(32635788,'tt1655460',3,'2012-11-12','2012-11-12',1573),(32635788,'tt1189340',8,'2012-11-12','2012-11-12',1574),(32635788,'tt0976051',9,'2012-11-12','2012-11-12',1575),(32635788,'tt0430922',6,'2012-11-12','2012-11-12',1576),(32635788,'tt1899353',8,'2012-11-12','2012-11-12',1577),(32635788,'tt0286106',2,'2012-11-12','2012-11-12',1578),(32635788,'tt0183505',3,'2012-11-12','2012-11-12',1579),(32635788,'tt0113189',5,'2012-11-12','2012-11-12',1580),(32635788,'tt0376541',9,'2012-11-12','2012-11-12',1581),(32635788,'tt0104691',9,'2012-11-12','2012-11-12',1582),(32635788,'tt0120912',3,'2012-11-12','2012-11-12',1583),(32635788,'tt0105323',9,'2012-11-12','2012-11-12',1584),(32635788,'tt1217613',1,'2012-11-12','2012-11-12',1585),(32635788,'tt1226229',6,'2012-11-12','2012-11-12',1586),(32635788,'tt0395169',9,'2012-11-12','2012-11-12',1587),(32635788,'tt0246460',7,'2012-11-12','2012-11-12',1588),(32635788,'tt0117060',8,'2012-11-12','2012-11-12',1589),(32635788,'tt0143145',5,'2012-11-12','2012-11-12',1590),(32635788,'tt0127536',9,'2012-11-12','2012-11-12',1591),(32635788,'tt0370032',1,'2012-11-12','2012-11-12',1592),(32635788,'tt0419887',8,'2012-11-12','2012-11-12',1593),(32635788,'tt0272152',9,'2012-11-12','2012-11-12',1594),(32635788,'tt1436045',7,'2012-11-12','2012-11-12',1595),(32635788,'tt1117385',7,'2012-11-12','2012-11-12',1596),(32635788,'tt1606392',7,'2012-11-12','2012-11-12',1597),(32635788,'tt2066040',6,'2012-10-20','2012-10-20',1598),(32635788,'tt1446714',3,'2012-10-20','2012-10-20',1599),(32635788,'tt1276104',9,'2012-10-20','2012-10-20',1600),(32635788,'tt1675434',10,'2012-10-20','2012-10-20',1601),(32635788,'tt0948470',6,'2012-10-20','2012-10-20',1602),(32635788,'tt1194173',4,'2012-10-20','2012-10-20',1603),(32635788,'tt1277953',7,'2012-10-20','2012-10-20',1604),(32635788,'tt1345836',10,'2012-07-23','2012-07-23',1605),(32635788,'tt1570728',8,'2012-03-24','2012-03-24',1606),(32635788,'tt1499658',7,'2012-03-24','2012-03-24',1607),(32635788,'tt0454921',8,'2012-03-24','2012-03-24',1608),(32635788,'tt1637706',6,'2012-03-24','2012-03-24',1609),(41540394,'tt1453405',7,'2013-10-12','2013-10-12',1610),(41540394,'tt1411250',3,'2013-10-12','2013-10-12',1611),(41540394,'tt1024648',6,'2013-10-12','2013-10-12',1612),(41540394,'tt1690953',8,'2013-10-12','2013-10-12',1613),(41540394,'tt0109830',10,'2013-10-12','2013-10-12',1614),(41540394,'tt0361748',9,'2013-10-12','2013-10-12',1615),(41540394,'tt0120338',8,'2013-10-12','2013-10-12',1616),(41540394,'tt0169547',10,'2013-10-12','2013-10-12',1617),(41540394,'tt1907668',9,'2013-10-12','2013-10-12',1618),(41540394,'tt0172495',9,'2013-10-12','2013-10-12',1619),(41540394,'tt0477348',9,'2013-10-12','2013-10-12',1620),(41540394,'tt0268978',10,'2013-10-12','2013-10-12',1621),(41540394,'tt0112573',10,'2013-10-12','2013-10-12',1622),(41540394,'tt0095953',10,'2013-10-12','2013-10-12',1623),(41540394,'tt1504320',9,'2013-10-12','2013-10-12',1624),(41540394,'tt0887912',9,'2013-10-12','2013-10-12',1625),(41540394,'tt0299658',8,'2013-10-12','2013-10-12',1626),(41540394,'tt0116209',10,'2013-10-12','2013-10-12',1627),(41540394,'tt0097733',7,'2013-10-12','2013-10-12',1628),(41540394,'tt1815862',2,'2013-10-11','2013-10-11',1629),(41540394,'tt2172935',9,'2013-10-11','2013-10-11',1630),(41540394,'tt0481499',7,'2013-10-11','2013-10-11',1631),(41540394,'tt1905041',6,'2013-10-11','2013-10-11',1632),(41540394,'tt0120663',10,'2013-10-11','2013-10-11',1633),(41540394,'tt0110912',9,'2013-10-11','2013-10-11',1634),(41540394,'tt0985694',9,'2013-10-11','2013-10-11',1635),(41540394,'tt0066921',10,'2013-10-11','2013-10-11',1636),(41540394,'tt0133093',10,'2013-10-11','2013-10-11',1637),(41540394,'tt0120815',10,'2013-10-11','2013-10-11',1638),(41540394,'tt0071562',10,'2013-10-11','2013-10-11',1639),(41540394,'tt0108052',10,'2013-10-11','2013-10-11',1640),(41540394,'tt0102926',9,'2013-10-11','2013-10-11',1641),(41540394,'tt0947798',8,'2013-10-11','2013-10-11',1642),(41540394,'tt0120689',9,'2013-10-11','2013-10-11',1643),(41540394,'tt0266697',9,'2013-10-11','2013-10-11',1644),(41540394,'tt0062622',10,'2013-10-11','2013-10-11',1645),(41540394,'tt0050083',9,'2013-10-11','2013-10-11',1646),(41540394,'tt0892769',9,'2013-10-11','2013-10-11',1647),(41540394,'tt1049413',8,'2013-10-11','2013-10-11',1648),(41540394,'tt0095016',10,'2013-10-11','2013-10-11',1649),(41540394,'tt0088247',10,'2013-10-11','2013-10-11',1650),(41540394,'tt0034583',9,'2013-10-11','2013-10-11',1651),(41540394,'tt0120382',10,'2013-10-11','2013-10-11',1652),(41540394,'tt1010048',10,'2013-10-11','2013-10-11',1653),(41540394,'tt0910970',10,'2013-10-11','2013-10-11',1654),(41540394,'tt1655442',9,'2013-10-11','2013-10-11',1655),(41540394,'tt0319262',8,'2013-10-11','2013-10-11',1656),(41540394,'tt0057012',10,'2013-10-11','2013-10-11',1657),(41540394,'tt0038650',10,'2013-10-11','2013-10-11',1658),(41540394,'tt1454468',7,'2013-10-10','2013-10-10',1659),(41540394,'tt1663662',5,'2013-10-10','2013-10-10',1660),(41540394,'tt1853728',9,'2013-10-10','2013-10-10',1661),(41540394,'tt0068646',10,'2013-10-06','2013-10-06',1662),(47165303,'tt1907668',8,'2013-10-14','2013-10-14',1663),(47165303,'tt0092965',7,'2013-10-14','2013-10-14',1664),(47165303,'tt0374546',9,'2013-10-13','2013-10-13',1665),(47165303,'tt0091167',8,'2013-10-13','2013-10-13',1666),(47165303,'tt0278823',9,'2013-10-13','2013-10-13',1667),(47165303,'tt1392214',8,'2013-10-13','2013-10-13',1668),(47165303,'tt1392170',7,'2013-10-13','2013-10-13',1669),(47165303,'tt1345836',8,'2013-10-13','2013-10-13',1670),(47165303,'tt1024648',8,'2013-10-13','2013-10-13',1671),(47165303,'tt0468569',10,'2013-10-13','2013-10-15',1672),(47165303,'tt1045658',7,'2013-10-13','2013-10-13',1673),(47165303,'tt1935179',8,'2013-10-13','2013-10-13',1674),(47165303,'tt1276104',7,'2013-10-13','2013-10-13',1675),(47165303,'tt0076759',9,'2013-10-13','2013-10-13',1676),(47165303,'tt1790885',7,'2013-10-13','2013-10-13',1677),(47165303,'tt0083658',9,'2013-10-13','2013-10-13',1678),(47165303,'tt1074638',7,'2013-10-13','2013-10-13',1679),(47165303,'tt0454876',5,'2013-10-13','2013-10-13',1680),(47165303,'tt1748122',7,'2013-10-13','2013-10-13',1681),(47165303,'tt1605783',7,'2013-10-13','2013-10-13',1682),(47165303,'tt0416320',8,'2013-10-13','2013-10-13',1683),(47165303,'tt1504320',8,'2013-10-13','2013-10-13',1684),(47165303,'tt1924396',7,'2013-10-13','2013-10-13',1685),(47165303,'tt1839492',7,'2013-10-13','2013-10-13',1686),(47165303,'tt0319262',7,'2013-10-13','2013-10-13',1687),(47165303,'tt1189073',8,'2013-10-13','2013-10-13',1688),(47165303,'tt0075686',10,'2013-10-13','2013-10-13',1689),(47165303,'tt0079522',9,'2013-10-13','2013-10-13',1690),(47165303,'tt0457513',7,'2013-10-13','2013-10-13',1691),(47165303,'tt1178663',9,'2013-10-13','2013-10-13',1692),(47165303,'tt0063291',9,'2013-10-13','2013-10-13',1693),(47165303,'tt0109440',6,'2013-10-11','2013-10-11',1694),(47165303,'tt0364569',8,'2013-10-11','2013-10-11',1695),(47165303,'tt2186812',6,'2013-10-07','2013-10-07',1696),(47165303,'tt0111161',10,'2013-10-07','2013-10-07',1697),(47165303,'tt0903624',9,'2013-10-07','2013-10-07',1698),(47165303,'tt1853728',8,'2013-10-07','2013-10-07',1699),(47165303,'tt0361748',9,'2013-10-07','2013-10-07',1700),(47165303,'tt0120737',9,'2013-10-07','2013-10-07',1701),(47165303,'tt2106476',9,'2013-10-07','2013-10-07',1702),(47165303,'tt0840361',8,'2013-10-07','2013-10-07',1703),(47165303,'tt1440129',7,'2013-10-07','2013-10-07',1704),(26913496,'tt1245492',8,'2013-10-14','2013-10-14',1705),(26913496,'tt1951261',8,'2013-10-14','2013-10-14',1706),(26913496,'tt0848537',6,'2013-10-14','2013-10-14',1707),(41540394,'tt0021749',10,'2013-10-15','2013-10-15',1708),(41540394,'tt0012349',10,'2013-10-15','2013-10-15',1709),(41540394,'tt0015864',10,'2013-10-15','2013-10-15',1710),(41540394,'tt0266543',9,'2013-10-15','2013-10-15',1711),(41540394,'tt1667889',8,'2013-10-15','2013-10-15',1712),(41540394,'tt0211915',10,'2013-10-15','2013-10-15',1713),(41540394,'tt0061722',9,'2013-10-15','2013-10-15',1714),(41540394,'tt0351283',8,'2013-10-15','2013-10-15',1715),(41540394,'tt0087469',9,'2013-10-15','2013-10-15',1716),(41540394,'tt0129167',9,'2013-10-15','2013-10-15',1717),(41540394,'tt0032553',10,'2013-10-15','2013-10-15',1718),(41540394,'tt2234155',7,'2013-10-14','2013-10-14',1719),(41540394,'tt2404311',8,'2013-10-14','2013-10-14',1720),(41540394,'tt2357129',7,'2013-10-14','2013-10-14',1721),(29283210,'tt0113362',7,'2013-10-15','2013-10-15',1722),(29283210,'tt0422015',7,'2013-10-15','2013-10-15',1723),(29283210,'tt1454468',8,'2013-10-15','2013-10-15',1724),(29283210,'tt0119217',10,'2013-10-15','2013-10-15',1725),(29283210,'tt1124035',7,'2013-10-15','2013-10-15',1726),(29283210,'tt1205489',9,'2013-10-15','2013-10-15',1727),(29283210,'tt0095953',9,'2013-10-15','2013-10-15',1728),(29283210,'tt0061722',8,'2013-10-15','2013-10-15',1729),(29283210,'tt1598778',7,'2013-10-15','2013-10-15',1730),(29283210,'tt1033575',7,'2013-10-15','2013-10-15',1731),(29283210,'tt0084805',8,'2013-10-15','2013-10-15',1732),(29283210,'tt0465538',7,'2013-10-15','2013-10-15',1733),(29283210,'tt0814786',7,'2013-10-15','2013-10-15',1734);
/*!40000 ALTER TABLE `Rates` ENABLE KEYS */;
UNLOCK TABLES;

--
-- Table structure for table `Users`
--

DROP TABLE IF EXISTS `Users`;
/*!40101 SET @saved_cs_client     = @@character_set_client */;
/*!40101 SET character_set_client = utf8 */;
CREATE TABLE `Users` (
  `user_id` int(11) NOT NULL,
  `Name` varchar(45) NOT NULL,
  `Surname` varchar(45) NOT NULL,
  `Signed_up` datetime DEFAULT NULL,
  `email` varchar(45) NOT NULL,
  `password` char(64) DEFAULT NULL,
  PRIMARY KEY (`user_id`),
  UNIQUE KEY `user_id` (`user_id`),
  UNIQUE KEY `email_UNIQUE` (`email`)
) ENGINE=InnoDB DEFAULT CHARSET=utf8;
/*!40101 SET character_set_client = @saved_cs_client */;

--
-- Dumping data for table `Users`
--

LOCK TABLES `Users` WRITE;
/*!40000 ALTER TABLE `Users` DISABLE KEYS */;
INSERT INTO `Users` VALUES (25521627,'Eydel','Rivero',NULL,'eydel84@gmail.com',NULL),(26913496,'Leonardo','Lezcano',NULL,'lezcano.leo@gmail.com',NULL),(29283210,'Miraine','Davila',NULL,'mirained@gmail.com',NULL),(32635788,'Michel','Triana',NULL,'bearemet@gmail.com',NULL),(41540394,'Josue','Labaut',NULL,'superjosue@gmail.com',NULL),(47165303,'Evelio','Vila',NULL,'eveliovila@gmail.com',NULL);
/*!40000 ALTER TABLE `Users` ENABLE KEYS */;
UNLOCK TABLES;
/*!40103 SET TIME_ZONE=@OLD_TIME_ZONE */;

/*!40101 SET SQL_MODE=@OLD_SQL_MODE */;
/*!40014 SET FOREIGN_KEY_CHECKS=@OLD_FOREIGN_KEY_CHECKS */;
/*!40014 SET UNIQUE_CHECKS=@OLD_UNIQUE_CHECKS */;
/*!40101 SET CHARACTER_SET_CLIENT=@OLD_CHARACTER_SET_CLIENT */;
/*!40101 SET CHARACTER_SET_RESULTS=@OLD_CHARACTER_SET_RESULTS */;
/*!40101 SET COLLATION_CONNECTION=@OLD_COLLATION_CONNECTION */;
/*!40111 SET SQL_NOTES=@OLD_SQL_NOTES */;

-- Dump completed on 2013-10-16 18:49:07
